run,plate,well,A,mu,lambda
SR1_results_MITACS DRUG RUN 2,S1L1,A01,0.662,3.609498682696746e-5,25536.885970097046
SR1_results_MITACS DRUG RUN 2,S1L1,A02,0.026999999999999996,2.5919466023704706e-6,-0
SR1_results_MITACS DRUG RUN 2,S1L1,A03,0.9780000000000001,3.944171492381567e-5,25666.9877223907
SR1_results_MITACS DRUG RUN 2,S1L1,A04,0.632,1.4246498024258759e-5,26274.725013086474
SR1_results_MITACS DRUG RUN 2,S1L1,A05,1.009,4.119511399873031e-5,24671.880307599215
SR1_results_MITACS DRUG RUN 2,S1L1,A06,0.7280000000000001,2.1397105433138703e-5,40512.706291365976
SR1_results_MITACS DRUG RUN 2,S1L1,A07,0.94,3.7429940335202035e-5,25146.31928463991
SR1_results_MITACS DRUG RUN 2,S1L1,A08,0.062,9.094253685392547e-6,17064.335005421548
SR1_results_MITACS DRUG RUN 2,S1L1,A09,1.045,3.6052045265782604e-5,22472.407769199774
SR1_results_MITACS DRUG RUN 2,S1L1,A10,0.5840000000000001,1.0866483255014202e-5,36072.580380785
SR1_results_MITACS DRUG RUN 2,S1L1,A11,0.583,2.8094216976856145e-5,-1993.2927849931705
SR1_results_MITACS DRUG RUN 2,S1L1,A12,0.83,8.10988454230417e-5,19015.17019839964
SR1_results_MITACS DRUG RUN 2,S1L1,B01,0.655,3.287383131146327e-5,28800.137018787045
SR1_results_MITACS DRUG RUN 2,S1L1,B02,0.04300000000000001,2.5339864264146013e-6,13083.203211355116
SR1_results_MITACS DRUG RUN 2,S1L1,B03,1.006,3.733423253864006e-5,25995.985609305215
SR1_results_MITACS DRUG RUN 2,S1L1,B04,0.952,3.615757224997453e-5,24767.37001364117
SR1_results_MITACS DRUG RUN 2,S1L1,B05,0.9580000000000001,2.9774864507006207e-5,29239.213539300672
SR1_results_MITACS DRUG RUN 2,S1L1,B06,0.039999999999999994,1.0567078242205608e-6,3749.633925795171
SR1_results_MITACS DRUG RUN 2,S1L1,B07,1.063,4.394187446357455e-5,29359.928131921086
SR1_results_MITACS DRUG RUN 2,S1L1,B08,0.043,6.866834026168591e-6,17197.939553142078
SR1_results_MITACS DRUG RUN 2,S1L1,B09,1.06,4.03249516144402e-5,25816.51572146919
SR1_results_MITACS DRUG RUN 2,S1L1,B10,1.0110000000000001,3.494833291335778e-5,24763.80470899255
SR1_results_MITACS DRUG RUN 2,S1L1,B11,0.679,2.3581733614936974e-5,31901.117896651427
SR1_results_MITACS DRUG RUN 2,S1L1,B12,0.15000000000000002,6.8179723115286034e-6,166123.13953837997
SR1_results_MITACS DRUG RUN 2,S1L1,C01,0.773,3.570168648112692e-5,28198.97831712646
SR1_results_MITACS DRUG RUN 2,S1L1,C02,0.88,3.5520161533977396e-5,25353.362896120343
SR1_results_MITACS DRUG RUN 2,S1L1,C03,0.954,3.748230598261453e-5,25297.61873749186
SR1_results_MITACS DRUG RUN 2,S1L1,C04,0.045,1.4368269933720284e-6,10048.307777776368
SR1_results_MITACS DRUG RUN 2,S1L1,C05,0.9830000000000001,3.786281712551924e-5,25229.406356335247
SR1_results_MITACS DRUG RUN 2,S1L1,C06,0.7050000000000001,3.0256053887928187e-5,57552.60954271508
SR1_results_MITACS DRUG RUN 2,S1L1,C07,1.0070000000000001,3.592615427833458e-5,29264.278676748618
SR1_results_MITACS DRUG RUN 2,S1L1,C08,0.969,3.58797572584887e-5,25791.445787995395
SR1_results_MITACS DRUG RUN 2,S1L1,C09,1.0070000000000001,3.795102886608757e-5,25518.01800864719
SR1_results_MITACS DRUG RUN 2,S1L1,C10,0.05699999999999998,4.153502169634921e-6,93639.2223622083
SR1_results_MITACS DRUG RUN 2,S1L1,C11,0.8390000000000001,3.498188374148252e-5,25419.164569527275
SR1_results_MITACS DRUG RUN 2,S1L1,C12,0.613,3.310091952858359e-5,64858.90317601173
SR1_results_MITACS DRUG RUN 2,S1L1,D01,0.021000000000000005,2.772096026619401e-6,-0
SR1_results_MITACS DRUG RUN 2,S1L1,D02,0.9820000000000001,3.6040877765190137e-5,23632.385877234654
SR1_results_MITACS DRUG RUN 2,S1L1,D03,0.05699999999999998,3.212055479304405e-6,10452.186228633656
SR1_results_MITACS DRUG RUN 2,S1L1,D04,0.933,3.723077449419658e-5,25507.57185795069
SR1_results_MITACS DRUG RUN 2,S1L1,D05,0.789,3.530927144287519e-5,27417.10640297017
SR1_results_MITACS DRUG RUN 2,S1L1,D06,0.5990000000000001,1.6291025317604726e-5,25044.491956086767
SR1_results_MITACS DRUG RUN 2,S1L1,D07,0.23700000000000002,9.158512633060551e-6,6999.91448526501
SR1_results_MITACS DRUG RUN 2,S1L1,D08,1.0030000000000001,4.7945108517559294e-5,17554.988189463507
SR1_results_MITACS DRUG RUN 2,S1L1,D09,0.076,4.464799368998501e-6,224.07731052136114
SR1_results_MITACS DRUG RUN 2,S1L1,D10,0.753,3.470127470382626e-5,25362.38486195687
SR1_results_MITACS DRUG RUN 2,S1L1,D11,0.62,2.91655982576608e-5,23364.592417909393
SR1_results_MITACS DRUG RUN 2,S1L1,D12,0.627,5.3755585684327984e-5,14692.179844125207
SR1_results_MITACS DRUG RUN 2,S1L1,E01,0.666,2.8194841849807192e-5,29905.007849776775
SR1_results_MITACS DRUG RUN 2,S1L1,E02,0.8430000000000001,3.231067345425841e-5,50398.470815122695
SR1_results_MITACS DRUG RUN 2,S1L1,E03,0.8440000000000001,3.475140359640814e-5,25506.799798513755
SR1_results_MITACS DRUG RUN 2,S1L1,E04,0.8150000000000001,3.430141118089605e-5,25588.900822428455
SR1_results_MITACS DRUG RUN 2,S1L1,E05,0.638,1.7275435828782308e-5,33582.532672401234
SR1_results_MITACS DRUG RUN 2,S1L1,E06,0.8170000000000001,4.081498581507559e-5,25856.814898084656
SR1_results_MITACS DRUG RUN 2,S1L1,E07,0.5840000000000001,1.8294565197758185e-5,43835.860545953365
SR1_results_MITACS DRUG RUN 2,S1L1,E08,0.7170000000000001,3.167474063181678e-5,63040.797528170144
SR1_results_MITACS DRUG RUN 2,S1L1,E09,0.795,3.679514938715711e-5,26120.390288936364
SR1_results_MITACS DRUG RUN 2,S1L1,E10,0.8380000000000001,3.5662504030531435e-5,25883.517350139944
SR1_results_MITACS DRUG RUN 2,S1L1,E11,0.548,1.3542328632434926e-5,57245.08452897802
SR1_results_MITACS DRUG RUN 2,S1L1,E12,0.5389999999999999,2.549375610478553e-5,21166.6583387794
SR1_results_MITACS DRUG RUN 2,S1L1,F01,0.9369999999999999,3.225589014195479e-5,27444.241433658317
SR1_results_MITACS DRUG RUN 2,S1L1,F02,0.678,6.80735937509071e-5,7568.071556308023
SR1_results_MITACS DRUG RUN 2,S1L1,F03,0.529,4.050463888603559e-6,84977.6023569989
SR1_results_MITACS DRUG RUN 2,S1L1,F04,0.856,3.76007430229066e-5,25623.864540804163
SR1_results_MITACS DRUG RUN 2,S1L1,F05,0.8300000000000001,3.754851991822028e-5,27297.06678435795
SR1_results_MITACS DRUG RUN 2,S1L1,F06,0.798,3.553616278061232e-5,24963.96573814242
SR1_results_MITACS DRUG RUN 2,S1L1,F07,0.996,4.681001983957883e-5,30825.609553505637
SR1_results_MITACS DRUG RUN 2,S1L1,F08,0.608,2.470581097184151e-5,40613.99335630614
SR1_results_MITACS DRUG RUN 2,S1L1,F09,0.6930000000000001,4.780626203647627e-5,13617.651547545347
SR1_results_MITACS DRUG RUN 2,S1L1,F10,0.733,3.604241244197598e-5,14093.530211140356
SR1_results_MITACS DRUG RUN 2,S1L1,F11,0.562,2.989683748672081e-5,27186.555157739393
SR1_results_MITACS DRUG RUN 2,S1L1,F12,0.595,7.435012617574905e-5,15892.961009243998
SR1_results_MITACS DRUG RUN 2,S1L1,G01,0.105,3.3454057747885565e-6,8723.560564275846
SR1_results_MITACS DRUG RUN 2,S1L1,G02,0.622,2.701390324348757e-5,63730.3671556069
SR1_results_MITACS DRUG RUN 2,S1L1,G03,0.211,2.6969679375899015e-6,14959.272542200017
SR1_results_MITACS DRUG RUN 2,S1L1,G04,0.44000000000000006,1.7934208956823976e-5,69395.05327702197
SR1_results_MITACS DRUG RUN 2,S1L1,G05,0.126,5.967398865903797e-6,9076.878776180243
SR1_results_MITACS DRUG RUN 2,S1L1,G06,0.47000000000000003,9.552085008057865e-6,67340.66328737137
SR1_results_MITACS DRUG RUN 2,S1L1,G07,0.14800000000000002,8.64865504309378e-6,73380.38329235278
SR1_results_MITACS DRUG RUN 2,S1L1,G08,0.659,2.09839726127819e-5,87727.96233278888
SR1_results_MITACS DRUG RUN 2,S1L1,G09,0.33599999999999997,4.967423565184111e-6,49571.09928458475
SR1_results_MITACS DRUG RUN 2,S1L1,G10,0.653,3.279536934470479e-5,28247.90071549872
SR1_results_MITACS DRUG RUN 2,S1L1,G11,0.011999999999999997,9.33387957270627e-6,-0
SR1_results_MITACS DRUG RUN 2,S1L1,G12,0.392,2.468821012844421e-5,5266.5249124438
SR1_results_MITACS DRUG RUN 2,S1L1,H01,0.8340000000000001,3.7626200284998576e-5,25391.687128177015
SR1_results_MITACS DRUG RUN 2,S1L1,H02,0.868,6.560442771133509e-5,15474.92585399855
SR1_results_MITACS DRUG RUN 2,S1L1,H03,0.536,1.4451721500168393e-5,27074.993732114228
SR1_results_MITACS DRUG RUN 2,S1L1,H04,0.293,9.265817106210498e-6,6336.433322267396
SR1_results_MITACS DRUG RUN 2,S1L1,H05,0.034000000000000016,1.7020910130906258e-6,24871.721721224058
SR1_results_MITACS DRUG RUN 2,S1L1,H06,0.676,3.492751077314777e-5,25345.36983009985
SR1_results_MITACS DRUG RUN 2,S1L1,H07,0.7240000000000001,3.4582674446075454e-5,28201.414475186884
SR1_results_MITACS DRUG RUN 2,S1L1,H08,0.766,3.669519272703121e-5,25831.880429347813
SR1_results_MITACS DRUG RUN 2,S1L1,H09,0.616,1.6003804076451247e-5,29673.20986715496
SR1_results_MITACS DRUG RUN 2,S1L1,H10,0.07600000000000001,1.1462908287079676e-5,-0
SR1_results_MITACS DRUG RUN 2,S1L1,H11,0.117,1.5786883514594303e-6,36530.125510078615
SR1_results_MITACS DRUG RUN 2,S1L1,H12,0.398,2.5286088090945893e-5,26860.541831493763
SR1_results_MITACS DRUG RUN 2,S1L2,A01,0.972,7.542426967189868e-5,14167.475220568105
SR1_results_MITACS DRUG RUN 2,S1L2,A02,0.36,1.6194879371946864e-5,14081.9733255471
SR1_results_MITACS DRUG RUN 2,S1L2,A03,1.071,2.9637687957521047e-5,69470.31115703791
SR1_results_MITACS DRUG RUN 2,S1L2,A04,1.48,4.381577871036407e-5,12486.698348554182
SR1_results_MITACS DRUG RUN 2,S1L2,A05,1.002,4.100356320343771e-5,22194.546101973436
SR1_results_MITACS DRUG RUN 2,S1L2,A06,0.876,2.3222462089017853e-5,38443.2981895335
SR1_results_MITACS DRUG RUN 2,S1L2,A07,1.038,4.181569205098042e-5,22449.661753400575
SR1_results_MITACS DRUG RUN 2,S1L2,A08,0.318,1.8099667874407163e-5,13694.534536862111
SR1_results_MITACS DRUG RUN 2,S1L2,A09,0.994,4.0225196674666965e-5,23138.65349268225
SR1_results_MITACS DRUG RUN 2,S1L2,A10,1.6729999999999998,6.194355526160782e-5,15994.22356906189
SR1_results_MITACS DRUG RUN 2,S1L2,A11,0.9740000000000001,6.900026893223992e-5,14210.500492243911
SR1_results_MITACS DRUG RUN 2,S1L2,A12,0.867,3.261697138130857e-5,16071.400559981159
SR1_results_MITACS DRUG RUN 2,S1L2,B01,0.561,1.6509604553465134e-5,36596.69206490545
SR1_results_MITACS DRUG RUN 2,S1L2,B02,0.8380000000000001,2.237411908621724e-5,19346.316913361912
SR1_results_MITACS DRUG RUN 2,S1L2,B03,0.8500000000000001,2.117016540146783e-5,17932.18574950289
SR1_results_MITACS DRUG RUN 2,S1L2,B04,0.8540000000000001,2.2023238919638674e-5,18722.618871441715
SR1_results_MITACS DRUG RUN 2,S1L2,B05,0.951,1.7963254059611284e-5,38694.35003054473
SR1_results_MITACS DRUG RUN 2,S1L2,B06,0.8410000000000001,2.1791950849607386e-5,12451.261205982408
SR1_results_MITACS DRUG RUN 2,S1L2,B07,0.961,1.8935410496523205e-5,36153.90151160607
SR1_results_MITACS DRUG RUN 2,S1L2,B08,0.289,1.836398334384861e-5,12704.921586849396
SR1_results_MITACS DRUG RUN 2,S1L2,B09,0.854,1.9475077351315012e-5,12721.44737375533
SR1_results_MITACS DRUG RUN 2,S1L2,B10,0.806,2.4397045504004025e-5,16466.428788088906
SR1_results_MITACS DRUG RUN 2,S1L2,B11,0.8280000000000001,8.465788308723989e-5,14097.500987577452
SR1_results_MITACS DRUG RUN 2,S1L2,B12,0.453,1.0828667572281595e-5,14617.990821735651
SR1_results_MITACS DRUG RUN 2,S1L2,C01,0.9199999999999999,4.399291233607168e-5,21537.12578486612
SR1_results_MITACS DRUG RUN 2,S1L2,C02,1.002,4.1762679052536183e-005,19899.705180308414
SR1_results_MITACS DRUG RUN 2,S1L2,C03,0.9440000000000001,3.989949973007741e-5,18182.829412681727
SR1_results_MITACS DRUG RUN 2,S1L2,C04,0.9380000000000001,3.02399881842421e-5,20261.393142894416
SR1_results_MITACS DRUG RUN 2,S1L2,C05,0.9430000000000001,3.742410226765535e-5,17335.509069138596
SR1_results_MITACS DRUG RUN 2,S1L2,C06,0.41600000000000004,1.5731080042224194e-5,13187.925713728926
SR1_results_MITACS DRUG RUN 2,S1L2,C07,1.0979999999999999,7.476376620929888e-5,30206.424867645477
SR1_results_MITACS DRUG RUN 2,S1L2,C08,1.075,4.0795095057403536e-5,20857.43792271169
SR1_results_MITACS DRUG RUN 2,S1L2,C09,0.9530000000000001,3.858308504041349e-5,17452.659936456403
SR1_results_MITACS DRUG RUN 2,S1L2,C10,0.9339999999999999,2.773396117294369e-5,22690.27844541672
SR1_results_MITACS DRUG RUN 2,S1L2,C11,0.956,3.7168793913367665e-5,17336.93101837448
SR1_results_MITACS DRUG RUN 2,S1L2,C12,0.47000000000000003,1.2356521217100521e-5,13426.960208201628
SR1_results_MITACS DRUG RUN 2,S1L2,D01,0.356,4.6624713674111335e-6,8388.60119032384
SR1_results_MITACS DRUG RUN 2,S1L2,D02,1.111,1.0348764086957055e-4,10000.976815689912
SR1_results_MITACS DRUG RUN 2,S1L2,D03,0.33999999999999997,1.981249807724265e-5,12341.520044291045
SR1_results_MITACS DRUG RUN 2,S1L2,D04,0.9810000000000001,5.3158733941564345e-5,21220.7871058278
SR1_results_MITACS DRUG RUN 2,S1L2,D05,1.086,5.218042740660236e-5,23055.161250752408
SR1_results_MITACS DRUG RUN 2,S1L2,D06,0.887,5.223727046841482e-5,20803.45319310746
SR1_results_MITACS DRUG RUN 2,S1L2,D07,0.43,1.3886516250768321e-5,11476.34800155024
SR1_results_MITACS DRUG RUN 2,S1L2,D08,1.188,5.9660042200723474e-5,21088.527907360887
SR1_results_MITACS DRUG RUN 2,S1L2,D09,0.48899999999999993,1.3059137778805105e-5,14450.652943518653
SR1_results_MITACS DRUG RUN 2,S1L2,D10,0.976,4.020255834481465e-5,18479.877657231063
SR1_results_MITACS DRUG RUN 2,S1L2,D11,1.0859999999999999,5.023197702075883e-5,21839.921833039425
SR1_results_MITACS DRUG RUN 2,S1L2,D12,0.919,4.472665052031166e-5,18908.070089678633
SR1_results_MITACS DRUG RUN 2,S1L2,E01,1.115,2.2557561764487143e-5,34994.16691700884
SR1_results_MITACS DRUG RUN 2,S1L2,E02,1.146,3.660143187319303e-5,35152.29886232644
SR1_results_MITACS DRUG RUN 2,S1L2,E03,1.012,4.048274436650308e-5,19532.05137346166
SR1_results_MITACS DRUG RUN 2,S1L2,E04,0.9800000000000001,4.0138890439159365e-5,19260.588742386848
SR1_results_MITACS DRUG RUN 2,S1L2,E05,0.9329999999999999,2.440551523019515e-5,36650.06060074304
SR1_results_MITACS DRUG RUN 2,S1L2,E06,1.015,4.576454581622383e-5,19803.837726850023
SR1_results_MITACS DRUG RUN 2,S1L2,E07,0.974,1.824219095815738e-5,13805.847300046942
SR1_results_MITACS DRUG RUN 2,S1L2,E08,1.083,5.4619295947449476e-5,22297.465470269814
SR1_results_MITACS DRUG RUN 2,S1L2,E09,1.038,4.3032692957864556e-5,19301.636132174015
SR1_results_MITACS DRUG RUN 2,S1L2,E10,0.998,3.718469503092848e-5,17638.032425508
SR1_results_MITACS DRUG RUN 2,S1L2,E11,0.9400000000000001,2.3473283585371403e-5,38737.618628579665
SR1_results_MITACS DRUG RUN 2,S1L2,E12,1.045,3.903833992124638e-5,17989.4505554504
SR1_results_MITACS DRUG RUN 2,S1L2,F01,0.918,1.5738828158201037e-5,17303.63445522293
SR1_results_MITACS DRUG RUN 2,S1L2,F02,0.667,1.3804589415827373e-5,13558.187768033256
SR1_results_MITACS DRUG RUN 2,S1L2,F03,0.806,1.3022714872175733e-5,13337.732077796314
SR1_results_MITACS DRUG RUN 2,S1L2,F04,0.8540000000000001,2.5160895051511734e-5,23713.515411149783
SR1_results_MITACS DRUG RUN 2,S1L2,F05,0.768,1.9268099377200007e-5,12693.276005577549
SR1_results_MITACS DRUG RUN 2,S1L2,F06,0.8480000000000001,2.4722297403355874e-5,22990.583481894577
SR1_results_MITACS DRUG RUN 2,S1L2,F07,0.977,1.7339467074808285e-5,15029.954575647766
SR1_results_MITACS DRUG RUN 2,S1L2,F08,0.644,1.5324342284357417e-5,7619.991010121915
SR1_results_MITACS DRUG RUN 2,S1L2,F09,0.759,2.8666153687718445e-5,24068.546925603587
SR1_results_MITACS DRUG RUN 2,S1L2,F10,0.8480000000000001,2.356909117714796e-5,21968.938686341186
SR1_results_MITACS DRUG RUN 2,S1L2,F11,0.786,1.9093516646436927e-5,13273.35810434664
SR1_results_MITACS DRUG RUN 2,S1L2,F12,0.856,2.475760358001019e-5,22929.690597217323
SR1_results_MITACS DRUG RUN 2,S1L2,G01,0.48599999999999993,1.879348967999223e-5,11814.649788559762
SR1_results_MITACS DRUG RUN 2,S1L2,G02,1.518,4.442817549488294e-5,13666.429378437226
SR1_results_MITACS DRUG RUN 2,S1L2,G03,0.9690000000000001,4.408186076604413e-5,19459.51135694648
SR1_results_MITACS DRUG RUN 2,S1L2,G04,0.632,1.932818343834811e-5,137245.78551731724
SR1_results_MITACS DRUG RUN 2,S1L2,G05,0.409,1.0668718730384507e-5,13940.298321799035
SR1_results_MITACS DRUG RUN 2,S1L2,G06,1.646,5.10993901551585e-5,17443.60318846746
SR1_results_MITACS DRUG RUN 2,S1L2,G07,0.44,1.9659675873227935e-5,13669.555687190905
SR1_results_MITACS DRUG RUN 2,S1L2,G08,1.0679999999999998,3.8076281985131594e-5,12434.340834713401
SR1_results_MITACS DRUG RUN 2,S1L2,G09,0.9760000000000001,4.621366475547883e-5,19882.87677014458
SR1_results_MITACS DRUG RUN 2,S1L2,G10,0.9490000000000001,3.777786128560586e-5,19659.681171984845
SR1_results_MITACS DRUG RUN 2,S1L2,G11,0.38799999999999996,1.270394388301693e-5,13490.742964179275
SR1_results_MITACS DRUG RUN 2,S1L2,G12,1.476,4.989090871958294e-5,16056.962051238355
SR1_results_MITACS DRUG RUN 2,S1L2,H01,0.15400000000000003,9.14059028262989e-6,13636.698003539694
SR1_results_MITACS DRUG RUN 2,S1L2,H02,0.33699999999999997,1.950125742648733e-5,13320.634236508235
SR1_results_MITACS DRUG RUN 2,S1L2,H03,0.325,1.6539576063592768e-5,14648.811445638945
SR1_results_MITACS DRUG RUN 2,S1L2,H04,0.361,1.6940532988522428e-5,7323.778524906119
SR1_results_MITACS DRUG RUN 2,S1L2,H05,0.32299999999999995,4.695959789836656e-6,13990.172712428608
SR1_results_MITACS DRUG RUN 2,S1L2,H06,0.40299999999999997,1.4960997084257855e-5,15272.229794260244
SR1_results_MITACS DRUG RUN 2,S1L2,H07,0.371,2.070475960867992e-5,20780.10686849295
SR1_results_MITACS DRUG RUN 2,S1L2,H08,0.354,1.876718005018772e-5,13452.979942259373
SR1_results_MITACS DRUG RUN 2,S1L2,H09,0.314,2.0641002906621508e-5,13849.485133717151
SR1_results_MITACS DRUG RUN 2,S1L2,H10,0.295,7.526317469888775e-6,12768.525039168884
SR1_results_MITACS DRUG RUN 2,S1L2,H11,0.208,8.018197207971705e-6,27283.283424455643
SR1_results_MITACS DRUG RUN 2,S1L2,H12,0.384,1.437936288143882e-5,14569.118283015707
SR1_results_MITACS DRUG RUN 2,S2L1,A01,0.656,1.705026121403647e-5,133735.82150294975
SR1_results_MITACS DRUG RUN 2,S2L1,A02,0.17600000000000002,3.5278347761310473e-6,118553.08196653206
SR1_results_MITACS DRUG RUN 2,S2L1,A03,0.883,1.596988770595224e-5,40372.93427681926
SR1_results_MITACS DRUG RUN 2,S2L1,A04,1.547,9.821894103382172e-5,154964.1827202377
SR1_results_MITACS DRUG RUN 2,S2L1,A05,0.8250000000000001,2.088589892057164e-5,18330.865940444466
SR1_results_MITACS DRUG RUN 2,S2L1,A06,0.801,2.0808711643912725e-5,33987.73416931458
SR1_results_MITACS DRUG RUN 2,S2L1,A07,0.812,2.362350493433499e-5,35583.02500114117
SR1_results_MITACS DRUG RUN 2,S2L1,A08,0.1,2.4891051338492078e-5,91865.59288507774
SR1_results_MITACS DRUG RUN 2,S2L1,A09,0.788,3.1934808004053046e-5,38489.74455726533
SR1_results_MITACS DRUG RUN 2,S2L1,A10,1.319,6.729840085713749e-5,151356.43769262818
SR1_results_MITACS DRUG RUN 2,S2L1,A11,0.8230000000000001,2.0966343605883084e-5,22434.0714692848
SR1_results_MITACS DRUG RUN 2,S2L1,A12,0.743,2.0740000328778933e-5,48810.004267731085
SR1_results_MITACS DRUG RUN 2,S2L1,B01,0.54,1.676655515831334e-5,54529.096517036494
SR1_results_MITACS DRUG RUN 2,S2L1,B02,0.07,3.6192162395679984e-6,155560.33585181247
SR1_results_MITACS DRUG RUN 2,S2L1,B03,0.8480000000000001,2.536382728471992e-5,25813.62338078801
SR1_results_MITACS DRUG RUN 2,S2L1,B04,0.8460000000000001,3.2237949042450926e-5,26900.137231245273
SR1_results_MITACS DRUG RUN 2,S2L1,B05,0.857,6.437778377132946e-5,17272.80821804187
SR1_results_MITACS DRUG RUN 2,S2L1,B06,0.107,3.0085932156311966e-6,60722.74321783568
SR1_results_MITACS DRUG RUN 2,S2L1,B07,0.882,8.939701577269403e-5,10987.323517805615
SR1_results_MITACS DRUG RUN 2,S2L1,B08,0.05300000000000002,7.434439538118991e-7,1440.0825392746754
SR1_results_MITACS DRUG RUN 2,S2L1,B09,0.783,2.4152730913389124e-5,39524.39378249844
SR1_results_MITACS DRUG RUN 2,S2L1,B10,0.804,2.4555328989492988e-5,38149.01356967416
SR1_results_MITACS DRUG RUN 2,S2L1,B11,0.8400000000000001,1.6985139871156525e-5,3359.1254206283947
SR1_results_MITACS DRUG RUN 2,S2L1,B12,0.158,6.027856070961941e-6,32479.24760911068
SR1_results_MITACS DRUG RUN 2,S2L1,C01,0.8300000000000001,4.2741732729844914e-5,35270.67758103495
SR1_results_MITACS DRUG RUN 2,S2L1,C02,0.787,3.600719665688169e-5,31718.077209606443
SR1_results_MITACS DRUG RUN 2,S2L1,C03,0.8360000000000001,2.8011641027481472e-5,27314.16509463996
SR1_results_MITACS DRUG RUN 2,S2L1,C04,0.071,6.978594510951352e-6,91165.98489957054
SR1_results_MITACS DRUG RUN 2,S2L1,C05,0.801,2.5119710987303023e-5,31398.268705594408
SR1_results_MITACS DRUG RUN 2,S2L1,C06,0.03499999999999999,7.06262123792588e-7,-0
SR1_results_MITACS DRUG RUN 2,S2L1,C07,0.53,2.3377099781743442e-5,32788.41702365611
SR1_results_MITACS DRUG RUN 2,S2L1,C08,0.532,2.688955566057294e-5,32701.08501779085
SR1_results_MITACS DRUG RUN 2,S2L1,C09,0.543,2.786817129591298e-5,29560.14408108464
SR1_results_MITACS DRUG RUN 2,S2L1,C10,0.07100000000000001,1.5310624005970922e-6,26638.056482119533
SR1_results_MITACS DRUG RUN 2,S2L1,C11,0.7220000000000001,2.2565204577522283e-5,40310.19906152258
SR1_results_MITACS DRUG RUN 2,S2L1,C12,0.068,6.040325911708446e-7,-0
SR1_results_MITACS DRUG RUN 2,S2L1,D01,0.24300000000000002,1.0554544696759994e-5,6243.1960559099325
SR1_results_MITACS DRUG RUN 2,S2L1,D02,0.685,1.8013681909622043e-5,50341.83930108177
SR1_results_MITACS DRUG RUN 2,S2L1,D03,0.05600000000000001,6.442150790399393e-6,92921.7552480357
SR1_results_MITACS DRUG RUN 2,S2L1,D04,0.779,2.0969938392736548e-5,39423.349882941424
SR1_results_MITACS DRUG RUN 2,S2L1,D05,0.548,1.824992297066348e-5,36613.21359122838
SR1_results_MITACS DRUG RUN 2,S2L1,D06,0.62,2.6570883130096326e-5,32378.778261623593
SR1_results_MITACS DRUG RUN 2,S2L1,D07,0.383,1.5567466169728655e-5,2753.990876977209
SR1_results_MITACS DRUG RUN 2,S2L1,D08,0.771,8.09922933526931e-5,6903.381718133798
SR1_results_MITACS DRUG RUN 2,S2L1,D09,0.043,9.92780872251661e-7,-0
SR1_results_MITACS DRUG RUN 2,S2L1,D10,0.665,2.916126332941948e-5,78680.21043990852
SR1_results_MITACS DRUG RUN 2,S2L1,D11,0.532,2.341747875874436e-5,39124.36961818874
SR1_results_MITACS DRUG RUN 2,S2L1,D12,0.493,2.497511568360903e-5,31390.416723716175
SR1_results_MITACS DRUG RUN 2,S2L1,E01,0.763,2.3182912665764872e-005,30079.635499519227
SR1_results_MITACS DRUG RUN 2,S2L1,E02,0.682,7.992847011671267e-5,4497.900323862205
SR1_results_MITACS DRUG RUN 2,S2L1,E03,0.6010000000000001,9.598015136730253e-6,109660.20429035941
SR1_results_MITACS DRUG RUN 2,S2L1,E04,0.777,2.3107533570757938e-5,31174.78274496513
SR1_results_MITACS DRUG RUN 2,S2L1,E05,0.5890000000000001,1.8664032406549503e-5,37569.57094741879
SR1_results_MITACS DRUG RUN 2,S2L1,E06,0.655,2.885391115789083e-5,32943.97147485797
SR1_results_MITACS DRUG RUN 2,S2L1,E07,0.39899999999999997,2.6352791686145105e-5,29639.402740583664
SR1_results_MITACS DRUG RUN 2,S2L1,E08,0.5860000000000001,1.5464415960947452e-5,3368.48548562402
SR1_results_MITACS DRUG RUN 2,S2L1,E09,0.49699999999999994,1.9974098376187603e-5,44701.44388727894
SR1_results_MITACS DRUG RUN 2,S2L1,E10,0.677,3.4207539548645657e-5,32662.401353497415
SR1_results_MITACS DRUG RUN 2,S2L1,E11,0.551,2.2383494838969235e-5,43585.82861425957
SR1_results_MITACS DRUG RUN 2,S2L1,E12,0.511,2.4418242203617245e-5,29810.064442055114
SR1_results_MITACS DRUG RUN 2,S2L1,F01,0.54,3.128388513750708e-5,39173.19543751467
SR1_results_MITACS DRUG RUN 2,S2L1,F02,0.509,2.1070625820555053e-5,42975.03543318272
SR1_results_MITACS DRUG RUN 2,S2L1,F03,0.539,6.827506989918696e-5,17342.475970684383
SR1_results_MITACS DRUG RUN 2,S2L1,F04,0.8400000000000001,3.289316451170576e-5,32171.731166450594
SR1_results_MITACS DRUG RUN 2,S2L1,F05,0.181,6.252984877047265e-6,142601.82412415644
SR1_results_MITACS DRUG RUN 2,S2L1,F06,0.79,3.919266287087632e-5,34019.782995108064
SR1_results_MITACS DRUG RUN 2,S2L1,F07,0.61,2.3829561471783958e-5,32840.50211687011
SR1_results_MITACS DRUG RUN 2,S2L1,F08,0.437,1.5854738427527066e-5,57272.832047802774
SR1_results_MITACS DRUG RUN 2,S2L1,F09,0.305,8.573572628428921e-5,7263.765133694091
SR1_results_MITACS DRUG RUN 2,S2L1,F10,0.733,2.650863329180866e-5,30713.70169771216
SR1_results_MITACS DRUG RUN 2,S2L1,F11,0.232,2.5128074846756277e-6,84726.40182850667
SR1_results_MITACS DRUG RUN 2,S2L1,F12,0.513,1.9243818103577587e-5,28857.231227186097
SR1_results_MITACS DRUG RUN 2,S2L1,G01,0.259,1.4618059288836503e-5,27317.80529626015
SR1_results_MITACS DRUG RUN 2,S2L1,G02,0.212,1.2005086084501889e-5,155308.34985180045
SR1_results_MITACS DRUG RUN 2,S2L1,G03,0.44400000000000006,1.2782411479096809e-5,32597.127591173652
SR1_results_MITACS DRUG RUN 2,S2L1,G04,0.057999999999999996,2.451854637145939e-6,-0
SR1_results_MITACS DRUG RUN 2,S2L1,G05,0.377,2.445835091585726e-5,3266.4953918062674
SR1_results_MITACS DRUG RUN 2,S2L1,G06,0.063,9.633492200200133e-6,-0
SR1_results_MITACS DRUG RUN 2,S2L1,G07,0.27199999999999996,2.1401299316522357e-5,33104.06724174973
SR1_results_MITACS DRUG RUN 2,S2L1,G08,0.092,1.3167965973918241e-5,93300.05704675113
SR1_results_MITACS DRUG RUN 2,S2L1,G09,0.44000000000000006,9.51220606842507e-6,26728.220976536348
SR1_results_MITACS DRUG RUN 2,S2L1,G10,0.19200000000000003,4.399644197453148e-6,53806.54701286397
SR1_results_MITACS DRUG RUN 2,S2L1,G11,0.149,1.3078019821894987e-5,457.9688134469303
SR1_results_MITACS DRUG RUN 2,S2L1,G12,0.036000000000000004,3.5064512098276284e-6,-0
SR1_results_MITACS DRUG RUN 2,S2L1,H01,0.78,4.5643739049560966e-5,1686.9335424397746
SR1_results_MITACS DRUG RUN 2,S2L1,H02,0.6920000000000001,2.2086801074509964e-5,42304.39131090838
SR1_results_MITACS DRUG RUN 2,S2L1,H03,0.53,1.3432848841552758e-5,34690.00649440819
SR1_results_MITACS DRUG RUN 2,S2L1,H04,0.645,1.796818424513667e-5,3011.9555346946213
SR1_results_MITACS DRUG RUN 2,S2L1,H05,0.018000000000000002,7.51779467095711e-7,7272.29070282688
SR1_results_MITACS DRUG RUN 2,S2L1,H06,0.527,2.1976409722465432e-5,32409.472593324277
SR1_results_MITACS DRUG RUN 2,S2L1,H07,0.55,2.442909221385551e-5,54158.083234976264
SR1_results_MITACS DRUG RUN 2,S2L1,H08,0.801,2.75971288774514e-5,32288.180665786807
SR1_results_MITACS DRUG RUN 2,S2L1,H09,0.743,2.6140594151428e-5,33968.59255699426
SR1_results_MITACS DRUG RUN 2,S2L1,H10,0.41300000000000003,7.745361154658447e-6,1122.6184816582745
SR1_results_MITACS DRUG RUN 2,S2L1,H11,0.018000000000000002,6.268581440973754e-6,-478.577175434126
SR1_results_MITACS DRUG RUN 2,S2L1,H12,0.552,1.6732339015355006e-5,33876.55531219223
SR1_results_MITACS DRUG RUN 2,S2L2,A01,0.9690000000000001,3.908623758933428e-5,16821.931945730288
SR1_results_MITACS DRUG RUN 2,S2L2,A02,0.968,4.196219024511544e-5,24581.961909709724
SR1_results_MITACS DRUG RUN 2,S2L2,A03,0.33499999999999996,1.3272859697224089e-5,13159.929163162595
SR1_results_MITACS DRUG RUN 2,S2L2,A04,1.3559999999999999,6.547781446202739e-5,41513.698866669234
SR1_results_MITACS DRUG RUN 2,S2L2,A05,0.8130000000000001,4.120153487627837e-5,21411.60930183867
SR1_results_MITACS DRUG RUN 2,S2L2,A06,0.5940000000000001,2.8002812289287432e-5,27616.998863634635
SR1_results_MITACS DRUG RUN 2,S2L2,A07,0.664,3.16707618934279e-5,20588.46636124133
SR1_results_MITACS DRUG RUN 2,S2L2,A08,0.854,3.4524086812139884e-5,26438.45608265704
SR1_results_MITACS DRUG RUN 2,S2L2,A09,0.33999999999999997,2.6259599164661862e-5,92247.2510685504
SR1_results_MITACS DRUG RUN 2,S2L2,A10,0.758,4.626332985177064e-5,13211.998415633032
SR1_results_MITACS DRUG RUN 2,S2L2,A11,0.944,3.678662395603407e-5,16321.638648532173
SR1_results_MITACS DRUG RUN 2,S2L2,A12,1.139,2.3018279583443977e-5,33132.20106695753
SR1_results_MITACS DRUG RUN 2,S2L2,B01,0.668,3.594341524308865e-5,25365.87033681918
SR1_results_MITACS DRUG RUN 2,S2L2,B02,0.26299999999999996,1.2864486193771e-5,18727.593352101976
SR1_results_MITACS DRUG RUN 2,S2L2,B03,1.081,4.179782298569164e-5,18712.918650537085
SR1_results_MITACS DRUG RUN 2,S2L2,B04,1.049,4.285169241372307e-5,17608.691182083356
SR1_results_MITACS DRUG RUN 2,S2L2,B05,0.7160000000000001,5.642056685385223e-5,34473.775666301946
SR1_results_MITACS DRUG RUN 2,S2L2,B06,0.294,1.6674733526457843e-5,95415.17699845113
SR1_results_MITACS DRUG RUN 2,S2L2,B07,0.7090000000000001,3.174333191617431e-5,25424.677505855238
SR1_results_MITACS DRUG RUN 2,S2L2,B08,0.383,4.100850515097106e-6,13512.740629585494
SR1_results_MITACS DRUG RUN 2,S2L2,B09,1.094,4.0595074216351e-5,17863.905346499792
SR1_results_MITACS DRUG RUN 2,S2L2,B10,1.0639999999999998,4.289156011381954e-5,18423.998512082046
SR1_results_MITACS DRUG RUN 2,S2L2,B11,1.02,6.20615364670783e-5,8697.304840962792
SR1_results_MITACS DRUG RUN 2,S2L2,B12,0.40399999999999997,1.3532773691045823e-5,14970.00632341691
SR1_results_MITACS DRUG RUN 2,S2L2,C01,1.102,5.767483323577817e-5,28001.69945951562
SR1_results_MITACS DRUG RUN 2,S2L2,C02,1.135,4.368631285335279e-5,19936.662059670576
SR1_results_MITACS DRUG RUN 2,S2L2,C03,1.075,4.5701221506058086e-5,18667.979761544764
SR1_results_MITACS DRUG RUN 2,S2L2,C04,0.806,4.2688825873111464e-5,19171.18776591188
SR1_results_MITACS DRUG RUN 2,S2L2,C05,1.168,4.655614046712857e-5,19670.236409726112
SR1_results_MITACS DRUG RUN 2,S2L2,C06,1.1219999999999999,1.277959297740638e-5,84774.05620757316
SR1_results_MITACS DRUG RUN 2,S2L2,C07,1.292,6.249895351370271e-5,31703.852652262183
SR1_results_MITACS DRUG RUN 2,S2L2,C08,1.2530000000000001,3.756779874012085e-5,22836.349421910716
SR1_results_MITACS DRUG RUN 2,S2L2,C09,1.188,4.6414019308869106e-5,20165.01520830066
SR1_results_MITACS DRUG RUN 2,S2L2,C10,0.7190000000000001,2.7182913709475138e-5,20860.71853876785
SR1_results_MITACS DRUG RUN 2,S2L2,C11,1.036,3.808733515873948e-5,16822.831093911143
SR1_results_MITACS DRUG RUN 2,S2L2,C12,1.072,1.1265889495214096e-5,13452.485834822088
SR1_results_MITACS DRUG RUN 2,S2L2,D01,0.351,9.242462244403123e-6,11544.560112994874
SR1_results_MITACS DRUG RUN 2,S2L2,D02,1.168,3.71624477621878e-5,19112.122839885007
SR1_results_MITACS DRUG RUN 2,S2L2,D03,0.467,1.6717830458528296e-5,15550.546221021359
SR1_results_MITACS DRUG RUN 2,S2L2,D04,1.177,4.735099078892976e-5,19856.495867359572
SR1_results_MITACS DRUG RUN 2,S2L2,D05,1.0330000000000001,3.3120675077783647e-5,22246.021388601777
SR1_results_MITACS DRUG RUN 2,S2L2,D06,1.097,2.6488017126493733e-5,17048.439298642006
SR1_results_MITACS DRUG RUN 2,S2L2,D07,0.308,4.18538815919116e-5,16723.820671197198
SR1_results_MITACS DRUG RUN 2,S2L2,D08,1.1119999999999999,6.275031349269633e-5,6257.339833076928
SR1_results_MITACS DRUG RUN 2,S2L2,D09,0.435,1.4002975876152652e-5,94842.64919543179
SR1_results_MITACS DRUG RUN 2,S2L2,D10,1.112,4.245457283269703e-5,18814.70566776455
SR1_results_MITACS DRUG RUN 2,S2L2,D11,1.133,5.0706446666109704e-5,23111.59666667947
SR1_results_MITACS DRUG RUN 2,S2L2,D12,0.9930000000000001,2.5338289655213403e-5,15113.864933877872
SR1_results_MITACS DRUG RUN 2,S2L2,E01,1.088,3.51624112102266e-5,35954.75413387311
SR1_results_MITACS DRUG RUN 2,S2L2,E02,1.116,5.0605640093431297e-5,9270.430470243282
SR1_results_MITACS DRUG RUN 2,S2L2,E03,1.262,4.550533827548233e-5,21293.38050091111
SR1_results_MITACS DRUG RUN 2,S2L2,E04,1.194,4.7341930534970204e-5,21682.411809631572
SR1_results_MITACS DRUG RUN 2,S2L2,E05,1.174,2.850309681088108e-5,34261.86358842982
SR1_results_MITACS DRUG RUN 2,S2L2,E06,1.256,3.600964183464227e-5,20856.682736381452
SR1_results_MITACS DRUG RUN 2,S2L2,E07,1.0719999999999998,1.9851503560329492e-5,23189.751662892235
SR1_results_MITACS DRUG RUN 2,S2L2,E08,1.174,4.1965781155335257e-5,22761.940080982415
SR1_results_MITACS DRUG RUN 2,S2L2,E09,1.257,4.51882920457387e-5,21961.445882016305
SR1_results_MITACS DRUG RUN 2,S2L2,E10,1.1460000000000001,4.310028254421065e-5,21172.974614179264
SR1_results_MITACS DRUG RUN 2,S2L2,E11,1.105,2.0801352396509376e-5,33570.43386352675
SR1_results_MITACS DRUG RUN 2,S2L2,E12,1.0819999999999999,4.366801611876087e-5,19135.176508401117
SR1_results_MITACS DRUG RUN 2,S2L2,F01,0.873,2.1613343937009472e-5,18121.92150503957
SR1_results_MITACS DRUG RUN 2,S2L2,F02,1.015,3.319279062372027e-5,48994.933836466844
SR1_results_MITACS DRUG RUN 2,S2L2,F03,0.495,2.872330680724092e-5,44774.54563394406
SR1_results_MITACS DRUG RUN 2,S2L2,F04,1.147,5.020099283677601e-5,20425.234988321732
SR1_results_MITACS DRUG RUN 2,S2L2,F05,1.147,4.9077260172215936e-5,22181.151734706633
SR1_results_MITACS DRUG RUN 2,S2L2,F06,1.185,4.7835362483731506e-5,20771.46597366967
SR1_results_MITACS DRUG RUN 2,S2L2,F07,0.913,1.729639891506694e-5,18986.6931549171
SR1_results_MITACS DRUG RUN 2,S2L2,F08,0.89,3.0978529377603176e-5,47408.79392022116
SR1_results_MITACS DRUG RUN 2,S2L2,F09,0.49099999999999994,1.1968141856599485e-5,124230.39536228181
SR1_results_MITACS DRUG RUN 2,S2L2,F10,1.052,4.269564106285551e-5,17603.477738223915
SR1_results_MITACS DRUG RUN 2,S2L2,F11,0.9910000000000001,3.578359828343615e-5,17414.070386649495
SR1_results_MITACS DRUG RUN 2,S2L2,F12,0.9980000000000001,4.354228557736073e-5,17844.13179142782
SR1_results_MITACS DRUG RUN 2,S2L2,G01,0.5770000000000001,2.2856909496144463e-5,14110.673619071533
SR1_results_MITACS DRUG RUN 2,S2L2,G02,1.317,3.528532408550324e-5,76117.20675948352
SR1_results_MITACS DRUG RUN 2,S2L2,G03,1.073,3.74182789400288e-5,17708.163869745833
SR1_results_MITACS DRUG RUN 2,S2L2,G04,0.438,1.2910840252672813e-5,33342.504337084734
SR1_results_MITACS DRUG RUN 2,S2L2,G05,0.411,1.3090481208100436e-5,7229.9063661267
SR1_results_MITACS DRUG RUN 2,S2L2,G06,1.653,5.2538334103864404e-5,36494.13016202375
SR1_results_MITACS DRUG RUN 2,S2L2,G07,0.627,1.404989325172651e-5,14901.910824943152
SR1_results_MITACS DRUG RUN 2,S2L2,G08,0.31400000000000006,3.4214117155880736e-6,35302.5206211848
SR1_results_MITACS DRUG RUN 2,S2L2,G09,1.146,4.18079684643025e-5,20068.606885786543
SR1_results_MITACS DRUG RUN 2,S2L2,G10,1.089,3.569659219975257e-5,22957.87879988282
SR1_results_MITACS DRUG RUN 2,S2L2,G11,0.414,1.4968926616095582e-5,10652.916792351358
SR1_results_MITACS DRUG RUN 2,S2L2,G12,1.659,3.9964852775388146e-5,25987.622450187646
SR1_results_MITACS DRUG RUN 2,S2L2,H01,1.172,3.8586571944071984e-5,19408.578484457623
SR1_results_MITACS DRUG RUN 2,S2L2,H02,1.1340000000000001,4.1748241477564684e-5,21944.92919597584
SR1_results_MITACS DRUG RUN 2,S2L2,H03,0.962,2.573656375908351e-5,26141.43221541697
SR1_results_MITACS DRUG RUN 2,S2L2,H04,1.0390000000000001,1.9248777440319935e-5,5129.3027020573045
SR1_results_MITACS DRUG RUN 2,S2L2,H05,0.203,4.035408793937159e-6,88266.10066464313
SR1_results_MITACS DRUG RUN 2,S2L2,H06,0.97,4.480396039391596e-5,21072.690179031233
SR1_results_MITACS DRUG RUN 2,S2L2,H07,0.9420000000000001,3.6977692172097425e-5,25875.031207027438
SR1_results_MITACS DRUG RUN 2,S2L2,H08,1.192,4.345094767663262e-5,20442.624127188727
SR1_results_MITACS DRUG RUN 2,S2L2,H09,1.147,3.4385366237207137e-5,19671.393592632205
SR1_results_MITACS DRUG RUN 2,S2L2,H10,0.997,2.3803520247328523e-5,38375.74808827163
SR1_results_MITACS DRUG RUN 2,S2L2,H11,0.05600000000000001,2.5361231457297165e-6,25968.921411874842
SR1_results_MITACS DRUG RUN 2,S2L2,H12,0.856,4.2872876933425566e-5,20855.91941569595
SR1_results_MITACS DRUG RUN 2,S3L1,A01,1.147,4.388478337532471e-5,19931.384862606712
SR1_results_MITACS DRUG RUN 2,S3L1,A02,0.9279999999999999,3.5481970200525877e-5,38748.81961676463
SR1_results_MITACS DRUG RUN 2,S3L1,A03,1.1139999999999999,4.1361924616230516e-5,29678.003759901676
SR1_results_MITACS DRUG RUN 2,S3L1,A04,0.509,2.4127177575669475e-5,18918.720101065188
SR1_results_MITACS DRUG RUN 2,S3L1,A05,1.006,4.9519293240639634e-5,17175.202021396584
SR1_results_MITACS DRUG RUN 2,S3L1,A06,0.8280000000000001,4.638638263377637e-5,27117.08301042209
SR1_results_MITACS DRUG RUN 2,S3L1,A07,1.072,4.729660403215147e-5,18671.422982538374
SR1_results_MITACS DRUG RUN 2,S3L1,A08,0.969,3.9784233945054935e-5,33839.6493853789
SR1_results_MITACS DRUG RUN 2,S3L1,A09,1.021,3.555697380236988e-5,20500.030301189094
SR1_results_MITACS DRUG RUN 2,S3L1,A10,1.8379999999999999,4.279220430108351e-5,14692.446864381476
SR1_results_MITACS DRUG RUN 2,S3L1,A11,0.98,4.505911756772685e-5,16967.92640067271
SR1_results_MITACS DRUG RUN 2,S3L1,A12,0.939,2.721348046562607e-5,19312.826304199556
SR1_results_MITACS DRUG RUN 2,S3L1,B01,1.204,4.251605341328395e-5,22708.04135595669
SR1_results_MITACS DRUG RUN 2,S3L1,B02,0.375,5.864236317232563e-6,16900.17895302439
SR1_results_MITACS DRUG RUN 2,S3L1,B03,1.031,4.2169982035232995e-5,20988.667272981627
SR1_results_MITACS DRUG RUN 2,S3L1,B04,1.097,4.930452844477148e-5,21695.002557059237
SR1_results_MITACS DRUG RUN 2,S3L1,B05,1.111,4.679239741604272e-5,24302.23021756391
SR1_results_MITACS DRUG RUN 2,S3L1,B06,0.286,2.549656447929749e-6,13665.870073924249
SR1_results_MITACS DRUG RUN 2,S3L1,B07,1.191,4.9077264965186305e-5,23674.057618561095
SR1_results_MITACS DRUG RUN 2,S3L1,B08,0.411,1.4346609728049388e-5,40522.60347688818
SR1_results_MITACS DRUG RUN 2,S3L1,B09,0.9940000000000001,4.238350116328836e-5,21016.754961923187
SR1_results_MITACS DRUG RUN 2,S3L1,B10,1.036,4.797973809262148e-5,23153.770066774854
SR1_results_MITACS DRUG RUN 2,S3L1,B11,1.224,3.918683966137213e-5,24930.41298033596
SR1_results_MITACS DRUG RUN 2,S3L1,B12,0.446,1.2792077593501997e-6,8357.65388028973
SR1_results_MITACS DRUG RUN 2,S3L1,C01,1.201,7.557900177329851e-5,28299.00683849117
SR1_results_MITACS DRUG RUN 2,S3L1,C02,1.006,4.662046995114072e-5,24137.690432000705
SR1_results_MITACS DRUG RUN 2,S3L1,C03,1.091,5.020936353634037e-5,22868.299988554976
SR1_results_MITACS DRUG RUN 2,S3L1,C04,0.902,8.511438749526502e-6,-0
SR1_results_MITACS DRUG RUN 2,S3L1,C05,1.118,5.884365920844097e-5,24834.745465242122
SR1_results_MITACS DRUG RUN 2,S3L1,C06,0.074,1.043567641454575e-5,39996.41610379594
SR1_results_MITACS DRUG RUN 2,S3L1,C07,1.109,7.075903274780205e-5,28046.116634728573
SR1_results_MITACS DRUG RUN 2,S3L1,C08,0.9229999999999999,4.638483427198926e-5,25762.269294022488
SR1_results_MITACS DRUG RUN 2,S3L1,C09,1.137,4.9672917840666536e-5,23562.965840336685
SR1_results_MITACS DRUG RUN 2,S3L1,C10,0.881,3.876453315156796e-6,16687.838095498035
SR1_results_MITACS DRUG RUN 2,S3L1,C11,1.109,5.240892606753369e-5,23170.29460021587
SR1_results_MITACS DRUG RUN 2,S3L1,C12,0.21999999999999997,5.558417881723431e-6,-0
SR1_results_MITACS DRUG RUN 2,S3L1,D01,0.40900000000000003,1.0472737102193998e-5,5296.436560164987
SR1_results_MITACS DRUG RUN 2,S3L1,D02,1.278,3.9849499645933125e-5,24048.959089089378
SR1_results_MITACS DRUG RUN 2,S3L1,D03,0.45400000000000007,2.1903316343321503e-5,43631.240658159724
SR1_results_MITACS DRUG RUN 2,S3L1,D04,1.077,4.5581005417915516e-5,23521.7399821616
SR1_results_MITACS DRUG RUN 2,S3L1,D05,0.942,4.054011248490655e-5,21745.630203551522
SR1_results_MITACS DRUG RUN 2,S3L1,D06,0.904,4.4572651106972205e-5,20667.073022732933
SR1_results_MITACS DRUG RUN 2,S3L1,D07,0.161,6.952567482111881e-6,82802.02085903191
SR1_results_MITACS DRUG RUN 2,S3L1,D08,1.0370000000000001,4.837253863803637e-5,19917.18357135675
SR1_results_MITACS DRUG RUN 2,S3L1,D09,0.316,6.699272828427706e-6,34112.055774275854
SR1_results_MITACS DRUG RUN 2,S3L1,D10,1.202,4.8745056689248566e-5,25201.539673976084
SR1_results_MITACS DRUG RUN 2,S3L1,D11,0.973,3.603394617042643e-5,25632.137350626817
SR1_results_MITACS DRUG RUN 2,S3L1,D12,0.9470000000000001,4.0489580953739066e-5,19257.733840281446
SR1_results_MITACS DRUG RUN 2,S3L1,E01,0.9760000000000001,1.4757778082707705e-5,16519.64919311964
SR1_results_MITACS DRUG RUN 2,S3L1,E02,1.2389999999999999,4.1035394068114616e-5,37940.35343353734
SR1_results_MITACS DRUG RUN 2,S3L1,E03,1.06,4.499204175650137e-5,23659.57609107129
SR1_results_MITACS DRUG RUN 2,S3L1,E04,1.0290000000000001,5.8005554394106676e-5,20992.506284894844
SR1_results_MITACS DRUG RUN 2,S3L1,E05,1.045,3.846377552739153e-5,31845.346286601005
SR1_results_MITACS DRUG RUN 2,S3L1,E06,1.02,5.936201418456399e-5,22098.875232210885
SR1_results_MITACS DRUG RUN 2,S3L1,E07,0.929,1.398146182421836e-5,20607.576920441436
SR1_results_MITACS DRUG RUN 2,S3L1,E08,1.053,6.743138515792709e-5,9247.068209802257
SR1_results_MITACS DRUG RUN 2,S3L1,E09,0.9510000000000001,4.460018444801884e-5,24692.7477615804
SR1_results_MITACS DRUG RUN 2,S3L1,E10,1.066,4.9888467293375294e-5,20566.659261268782
SR1_results_MITACS DRUG RUN 2,S3L1,E11,0.9670000000000001,2.4650641149623152e-5,44054.33401469413
SR1_results_MITACS DRUG RUN 2,S3L1,E12,1.047,4.845412768252506e-5,22397.919464774248
SR1_results_MITACS DRUG RUN 2,S3L1,F01,0.765,2.5814153086211067e-5,19764.60261282804
SR1_results_MITACS DRUG RUN 2,S3L1,F02,1.091,3.496402598615513e-5,38571.8143011593
SR1_results_MITACS DRUG RUN 2,S3L1,F03,1.042,5.996897748992001e-6,-0
SR1_results_MITACS DRUG RUN 2,S3L1,F04,1.099,5.288006917513531e-5,20698.24945801868
SR1_results_MITACS DRUG RUN 2,S3L1,F05,1.0719999999999998,5.654592012037107e-5,24506.68330054546
SR1_results_MITACS DRUG RUN 2,S3L1,F06,1.065,5.620145269384145e-5,21698.6459554638
SR1_results_MITACS DRUG RUN 2,S3L1,F07,0.744,2.4387091867880127e-5,12323.336033950622
SR1_results_MITACS DRUG RUN 2,S3L1,F08,0.924,3.4755361454974724e-5,7417.561628486807
SR1_results_MITACS DRUG RUN 2,S3L1,F09,1.03,4.8458818470482736e-5,8970.03758889821
SR1_results_MITACS DRUG RUN 2,S3L1,F10,1.0479999999999998,5.23600826347665e-5,20908.5726403039
SR1_results_MITACS DRUG RUN 2,S3L1,F11,1.061,4.504870296021172e-5,23271.540877036863
SR1_results_MITACS DRUG RUN 2,S3L1,F12,1.043,4.9432406795534795e-5,23590.455804108726
SR1_results_MITACS DRUG RUN 2,S3L1,G01,0.629,1.2633290864445697e-5,50120.787668388475
SR1_results_MITACS DRUG RUN 2,S3L1,G02,2.156,4.765988676457507e-5,52117.004837201086
SR1_results_MITACS DRUG RUN 2,S3L1,G03,1.036,4.524941997051173e-5,19173.951418063007
SR1_results_MITACS DRUG RUN 2,S3L1,G04,0.294,2.7727725724205857e-6,11497.302780027041
SR1_results_MITACS DRUG RUN 2,S3L1,G05,0.257,4.365759498917237e-6,-0
SR1_results_MITACS DRUG RUN 2,S3L1,G06,1.9520000000000002,5.8788505243462356e-5,30706.703048170948
SR1_results_MITACS DRUG RUN 2,S3L1,G07,0.48799999999999993,1.5261299807789487e-5,30877.484974857878
SR1_results_MITACS DRUG RUN 2,S3L1,G08,0.938,1.5549762747056575e-5,11430.079106868832
SR1_results_MITACS DRUG RUN 2,S3L1,G09,0.996,4.6130509769689454e-5,22526.733070584203
SR1_results_MITACS DRUG RUN 2,S3L1,G10,0.886,4.2948514702243055e-5,23541.10523937136
SR1_results_MITACS DRUG RUN 2,S3L1,G11,0.32799999999999996,8.281973004595936e-6,86153.16401988539
SR1_results_MITACS DRUG RUN 2,S3L1,G12,1.9180000000000001,4.912335750371945e-5,32570.516603082873
SR1_results_MITACS DRUG RUN 2,S3L1,H01,1.1580000000000001,3.858029355113644e-5,18043.78497258938
SR1_results_MITACS DRUG RUN 2,S3L1,H02,1.212,5.1062509315305994e-5,27128.09407505637
SR1_results_MITACS DRUG RUN 2,S3L1,H03,1.087,3.604904712796899e-5,27633.86882886169
SR1_results_MITACS DRUG RUN 2,S3L1,H04,0.8450000000000001,1.449446665216649e-5,42088.15285850895
SR1_results_MITACS DRUG RUN 2,S3L1,H05,0.24,1.585857439345849e-6,18881.78887137882
SR1_results_MITACS DRUG RUN 2,S3L1,H06,1.059,5.787361783648487e-5,22940.427863936813
SR1_results_MITACS DRUG RUN 2,S3L1,H07,1.25,7.087299886079792e-5,24396.797848473358
SR1_results_MITACS DRUG RUN 2,S3L1,H08,1.0659999999999998,4.950281140796119e-5,23707.830015359843
SR1_results_MITACS DRUG RUN 2,S3L1,H09,1.073,4.452828165256129e-5,22286.590669079415
SR1_results_MITACS DRUG RUN 2,S3L1,H10,0.8190000000000001,3.9131114575623174e-5,77956.12951297226
SR1_results_MITACS DRUG RUN 2,S3L1,H11,0.305,3.5771030769800393e-6,96735.59727947904
SR1_results_MITACS DRUG RUN 2,S3L1,H12,1.066,4.328943254275078e-5,24654.914559792847
SR1_results_MITACS DRUG RUN 2,S3L2,A01,1.066,4.2510469167375554e-5,18394.345267893048
SR1_results_MITACS DRUG RUN 2,S3L2,A02,0.4789999999999999,3.490612899650324e-5,158140.64543532283
SR1_results_MITACS DRUG RUN 2,S3L2,A03,1.108,3.179329913097995e-5,39074.11115077491
SR1_results_MITACS DRUG RUN 2,S3L2,A04,1.4100000000000001,3.634365801190502e-5,12484.459213935526
SR1_results_MITACS DRUG RUN 2,S3L2,A05,1.0579999999999998,4.2681795540165245e-5,17733.373368386776
SR1_results_MITACS DRUG RUN 2,S3L2,A06,1.0290000000000001,4.06144361690606e-5,18605.18968878883
SR1_results_MITACS DRUG RUN 2,S3L2,A07,1.069,4.291030368943573e-5,18950.346157229502
SR1_results_MITACS DRUG RUN 2,S3L2,A08,0.24500000000000002,1.2882895295812497e-5,25239.780411908992
SR1_results_MITACS DRUG RUN 2,S3L2,A09,1.096,3.9506044084606467e-5,21081.63593971862
SR1_results_MITACS DRUG RUN 2,S3L2,A10,1.084,3.988180230390059e-5,15275.996020188024
SR1_results_MITACS DRUG RUN 2,S3L2,A11,1.0210000000000001,3.928828407648895e-5,17574.274361612093
SR1_results_MITACS DRUG RUN 2,S3L2,A12,0.895,3.7299919548516226e-5,27860.096803623303
SR1_results_MITACS DRUG RUN 2,S3L2,B01,1.028,4.422325299244783e-5,19526.964203424814
SR1_results_MITACS DRUG RUN 2,S3L2,B02,0.249,1.843804357681833e-5,156362.9091787027
SR1_results_MITACS DRUG RUN 2,S3L2,B03,1.0519999999999998,3.5800509154238366e-5,18661.33665696024
SR1_results_MITACS DRUG RUN 2,S3L2,B04,1.073,4.324691612248962e-5,18268.824981243863
SR1_results_MITACS DRUG RUN 2,S3L2,B05,0.973,5.833323055453955e-5,36373.551463440934
SR1_results_MITACS DRUG RUN 2,S3L2,B06,0.08600000000000001,1.0547852153296688e-5,40072.77178707807
SR1_results_MITACS DRUG RUN 2,S3L2,B07,1.035,3.9873722010291306e-5,18350.812480205033
SR1_results_MITACS DRUG RUN 2,S3L2,B08,0.09599999999999999,8.311330247541989e-6,38560.85607400495
SR1_results_MITACS DRUG RUN 2,S3L2,B09,1.0679999999999998,4.2756606110925645e-5,21510.347848834237
SR1_results_MITACS DRUG RUN 2,S3L2,B10,1.053,4.2396482196509276e-5,18146.835772303726
SR1_results_MITACS DRUG RUN 2,S3L2,B11,1.015,3.523714333111669e-5,25767.920914551243
SR1_results_MITACS DRUG RUN 2,S3L2,B12,0.16799999999999998,6.447951113057576e-6,15711.102360543638
SR1_results_MITACS DRUG RUN 2,S3L2,C01,1.102,5.183480512786734e-5,29243.43888224573
SR1_results_MITACS DRUG RUN 2,S3L2,C02,1.107,4.658764396475443e-5,20677.154274101675
SR1_results_MITACS DRUG RUN 2,S3L2,C03,1.116,4.624241205119075e-5,19073.041761652512
SR1_results_MITACS DRUG RUN 2,S3L2,C04,0.8250000000000001,5.1747335579008854e-5,84852.76016508945
SR1_results_MITACS DRUG RUN 2,S3L2,C05,1.075,4.1359526681657964e-5,24552.37057449946
SR1_results_MITACS DRUG RUN 2,S3L2,C06,0.79,3.336718110183848e-5,79523.56419416376
SR1_results_MITACS DRUG RUN 2,S3L2,C07,1.048,8.73567402635824e-5,34791.562284940526
SR1_results_MITACS DRUG RUN 2,S3L2,C08,1.091,4.471223541637407e-5,21460.59065962435
SR1_results_MITACS DRUG RUN 2,S3L2,C09,1.1079999999999999,5.015136505137001e-5,20585.153324758314
SR1_results_MITACS DRUG RUN 2,S3L2,C10,0.673,2.957746109509607e-5,17480.57035192656
SR1_results_MITACS DRUG RUN 2,S3L2,C11,1.032,3.9422101918421635e-5,21695.284553623216
SR1_results_MITACS DRUG RUN 2,S3L2,C12,1.041,3.912272582438088e-5,34579.61476049664
SR1_results_MITACS DRUG RUN 2,S3L2,D01,0.344,1.3986454888416688e-5,5360.171298851309
SR1_results_MITACS DRUG RUN 2,S3L2,D02,1.151,9.439191617777371e-5,6501.880866985512
SR1_results_MITACS DRUG RUN 2,S3L2,D03,0.27999999999999997,2.6332824228914908e-5,156692.6303033114
SR1_results_MITACS DRUG RUN 2,S3L2,D04,1.155,5.1931887105633995e-5,21233.556291208297
SR1_results_MITACS DRUG RUN 2,S3L2,D05,0.6890000000000001,3.309367331613736e-5,24956.295031268037
SR1_results_MITACS DRUG RUN 2,S3L2,D06,1.0210000000000001,4.3191195397440585e-5,25586.13349846196
SR1_results_MITACS DRUG RUN 2,S3L2,D07,0.41000000000000003,1.761016275355357e-5,3939.1000874599754
SR1_results_MITACS DRUG RUN 2,S3L2,D08,1.2189999999999999,7.365320637847072e-5,10795.148854817964
SR1_results_MITACS DRUG RUN 2,S3L2,D09,0.259,2.4434504535027794e-5,96529.16419017146
SR1_results_MITACS DRUG RUN 2,S3L2,D10,1.108,4.7928595100819635e-5,20334.561399940743
SR1_results_MITACS DRUG RUN 2,S3L2,D11,1.1500000000000001,6.368020950944568e-5,29220.01288615513
SR1_results_MITACS DRUG RUN 2,S3L2,D12,0.922,3.510510815597832e-5,24136.554964723855
SR1_results_MITACS DRUG RUN 2,S3L2,E01,0.9289999999999999,2.365787416403381e-5,41623.65779281334
SR1_results_MITACS DRUG RUN 2,S3L2,E02,1.073,3.847114308211373e-5,25561.180270042118
SR1_results_MITACS DRUG RUN 2,S3L2,E03,1.08,4.579241170460141e-5,21958.589306903254
SR1_results_MITACS DRUG RUN 2,S3L2,E04,1.081,4.531555281880143e-5,20113.714211710263
SR1_results_MITACS DRUG RUN 2,S3L2,E05,0.9,3.9109544505479294e-5,44089.04560640997
SR1_results_MITACS DRUG RUN 2,S3L2,E06,1.119,5.3927557276601906e-5,22310.72876022174
SR1_results_MITACS DRUG RUN 2,S3L2,E07,1.04,2.859815155307741e-5,83806.07703419586
SR1_results_MITACS DRUG RUN 2,S3L2,E08,1.15,3.996638969997769e-5,25511.892826770025
SR1_results_MITACS DRUG RUN 2,S3L2,E09,1.131,4.9128790441808105e-5,21101.33198242792
SR1_results_MITACS DRUG RUN 2,S3L2,E10,1.067,4.420806516492408e-5,18678.727073168055
SR1_results_MITACS DRUG RUN 2,S3L2,E11,0.9329999999999999,1.7260345093555634e-5,37025.4203605388
SR1_results_MITACS DRUG RUN 2,S3L2,E12,0.886,1.9571841919231874e-5,50137.8767109929
SR1_results_MITACS DRUG RUN 2,S3L2,F01,0.891,4.7033279426171046e-5,25080.583190807203
SR1_results_MITACS DRUG RUN 2,S3L2,F02,1.033,9.409305665005254e-5,6126.222324789423
SR1_results_MITACS DRUG RUN 2,S3L2,F03,1.028,1.780560266871778e-5,4838.411190258741
SR1_results_MITACS DRUG RUN 2,S3L2,F04,1.1280000000000001,4.84137110314756e-5,21706.3851121672
SR1_results_MITACS DRUG RUN 2,S3L2,F05,1.107,5.0798078961211854e-5,23124.995829140626
SR1_results_MITACS DRUG RUN 2,S3L2,F06,1.095,4.9297366935595155e-5,22043.532732781976
SR1_results_MITACS DRUG RUN 2,S3L2,F07,0.808,1.9163097171656934e-5,6477.636856285194
SR1_results_MITACS DRUG RUN 2,S3L2,F08,1.008,1.0933995786721833e-4,9866.842536423157
SR1_results_MITACS DRUG RUN 2,S3L2,F09,1.0350000000000001,1.7714124032069063e-5,4365.1595418144425
SR1_results_MITACS DRUG RUN 2,S3L2,F10,1.099,4.516710179496695e-5,19076.455450858408
SR1_results_MITACS DRUG RUN 2,S3L2,F11,1.0599999999999998,3.933766404240225e-5,18884.332747444583
SR1_results_MITACS DRUG RUN 2,S3L2,F12,1.0999999999999999,4.668756898896064e-5,19566.629409667832
SR1_results_MITACS DRUG RUN 2,S3L2,G01,0.32999999999999996,1.2371646155361914e-5,23778.192655972023
SR1_results_MITACS DRUG RUN 2,S3L2,G02,0.6900000000000001,8.999531343797287e-6,12223.986162512389
SR1_results_MITACS DRUG RUN 2,S3L2,G03,0.933,4.018689318180956e-5,145104.13069140873
SR1_results_MITACS DRUG RUN 2,S3L2,G04,0.10099999999999999,2.293806584045526e-5,157006.77368780048
SR1_results_MITACS DRUG RUN 2,S3L2,G05,0.36,1.4483742391267978e-5,4994.393949933666
SR1_results_MITACS DRUG RUN 2,S3L2,G06,0.893,4.483109064588603e-5,39317.96335683719
SR1_results_MITACS DRUG RUN 2,S3L2,G07,0.32699999999999996,6.6278850690747604e-6,10859.086989309097
SR1_results_MITACS DRUG RUN 2,S3L2,G08,0.09899999999999999,4.657975752570876e-6,15754.836615462182
SR1_results_MITACS DRUG RUN 2,S3L2,G09,0.995,4.064079436827976e-5,21187.162150791257
SR1_results_MITACS DRUG RUN 2,S3L2,G10,0.939,6.127364741209162e-5,28490.306973629285
SR1_results_MITACS DRUG RUN 2,S3L2,G11,0.316,1.0642860286393386e-5,11789.659549784823
SR1_results_MITACS DRUG RUN 2,S3L2,G12,1.409,3.024906713669962e-5,25182.07521893824
SR1_results_MITACS DRUG RUN 2,S3L2,H01,1.226,4.41043882857103e-5,17375.277263085725
SR1_results_MITACS DRUG RUN 2,S3L2,H02,0.8370000000000001,4.009600471833304e-5,24015.257115699802
SR1_results_MITACS DRUG RUN 2,S3L2,H03,0.743,2.8589451527174876e-5,22708.1117841241
SR1_results_MITACS DRUG RUN 2,S3L2,H04,1.024,2.0534501942596323e-5,27507.46472833693
SR1_results_MITACS DRUG RUN 2,S3L2,H05,0.020000000000000004,1.083666969605661e-6,18649.279983127257
SR1_results_MITACS DRUG RUN 2,S3L2,H06,0.9900000000000001,4.2164384493936443e-5,22508.371218889653
SR1_results_MITACS DRUG RUN 2,S3L2,H07,1.127,8.868610019611005e-5,10328.52151939673
SR1_results_MITACS DRUG RUN 2,S3L2,H08,1.018,4.957068559799142e-5,24172.702585853123
SR1_results_MITACS DRUG RUN 2,S3L2,H09,0.9950000000000001,3.561164656372321e-5,23691.982683676575
SR1_results_MITACS DRUG RUN 2,S3L2,H10,0.911,9.259611011219985e-5,3805.094361617285
SR1_results_MITACS DRUG RUN 2,S3L2,H11,0.09000000000000001,1.76964153900261e-6,12875.84517852678
SR1_results_MITACS DRUG RUN 2,S3L2,H12,1.03,4.4556717695345704e-5,20473.533886928257
SR1_results_MITACS DRUG RUN 2,S4L1,A01,0.9740000000000001,2.7020092790149603e-5,24550.74904021052
SR1_results_MITACS DRUG RUN 2,S4L1,A02,0.9259999999999999,2.012037353851947e-5,48235.58128947845
SR1_results_MITACS DRUG RUN 2,S4L1,A03,0.41100000000000003,1.9543470087828587e-5,19556.835563387518
SR1_results_MITACS DRUG RUN 2,S4L1,A04,1.5619999999999998,3.380066513504144e-5,65408.05220170767
SR1_results_MITACS DRUG RUN 2,S4L1,A05,0.864,2.6815029333645535e-5,25706.413590008226
SR1_results_MITACS DRUG RUN 2,S4L1,A06,0.89,8.712815635553575e-5,44712.46935681382
SR1_results_MITACS DRUG RUN 2,S4L1,A07,0.872,4.169910195481537e-5,34820.73421142108
SR1_results_MITACS DRUG RUN 2,S4L1,A08,0.81,3.2793578104493234e-5,42415.89636558843
SR1_results_MITACS DRUG RUN 2,S4L1,A09,0.42500000000000004,1.829092054258938e-5,79629.63726438803
SR1_results_MITACS DRUG RUN 2,S4L1,A10,1.552,3.228853014345772e-5,69087.13284393007
SR1_results_MITACS DRUG RUN 2,S4L1,A11,0.863,2.2726577139085314e-5,21286.21891403029
SR1_results_MITACS DRUG RUN 2,S4L1,A12,0.8170000000000001,3.938350751003436e-5,34112.02724924831
SR1_results_MITACS DRUG RUN 2,S4L1,B01,0.5760000000000001,2.131808373919647e-5,40973.94716842626
SR1_results_MITACS DRUG RUN 2,S4L1,B02,0.038000000000000006,8.613587434552228e-6,-0
SR1_results_MITACS DRUG RUN 2,S4L1,B03,1.001,3.178845671149603e-5,29546.47623412793
SR1_results_MITACS DRUG RUN 2,S4L1,B04,0.975,3.0079541329772398e-5,26603.54589681749
SR1_results_MITACS DRUG RUN 2,S4L1,B05,1,3.848100683821335e-5,12673.328550403145
SR1_results_MITACS DRUG RUN 2,S4L1,B06,0.375,1.66774978039617e-5,40462.54597616058
SR1_results_MITACS DRUG RUN 2,S4L1,B07,0.9470000000000001,1.1010852801229385e-4,11265.840626145384
SR1_results_MITACS DRUG RUN 2,S4L1,B08,0.4760000000000001,2.304749948516838e-5,90870.19124219658
SR1_results_MITACS DRUG RUN 2,S4L1,B09,0.9,2.6053608413675915e-5,24756.325249346217
SR1_results_MITACS DRUG RUN 2,S4L1,B10,0.902,2.4661052186943297e-5,23247.5834919076
SR1_results_MITACS DRUG RUN 2,S4L1,B11,0.883,9.731248159636761e-5,9658.014216179688
SR1_results_MITACS DRUG RUN 2,S4L1,B12,0.4760000000000001,1.0545906438154556e-5,88883.17692408482
SR1_results_MITACS DRUG RUN 2,S4L1,C01,1.107,2.4510565243092926e-5,29076.54643198283
SR1_results_MITACS DRUG RUN 2,S4L1,C02,1.043,3.05158422060586e-5,32108.85967560627
SR1_results_MITACS DRUG RUN 2,S4L1,C03,1.038,2.9798275411890442e-5,26839.4014804368
SR1_results_MITACS DRUG RUN 2,S4L1,C04,0.864,6.124627481973953e-6,24313.944799132594
SR1_results_MITACS DRUG RUN 2,S4L1,C05,1.0250000000000001,2.861976890674552e-5,26253.74577003897
SR1_results_MITACS DRUG RUN 2,S4L1,C06,0.443,1.8562655911752944e-5,91385.62989582145
SR1_results_MITACS DRUG RUN 2,S4L1,C07,1.049,2.4671923737079258e-5,37246.388792347185
SR1_results_MITACS DRUG RUN 2,S4L1,C08,1.028,3.0218164848549312e-5,35370.82688257008
SR1_results_MITACS DRUG RUN 2,S4L1,C09,1.011,3.0984789106247746e-5,31052.99813903499
SR1_results_MITACS DRUG RUN 2,S4L1,C10,0.929,1.0762778630150577e-5,90009.92895749929
SR1_results_MITACS DRUG RUN 2,S4L1,C11,0.9840000000000001,2.962619775629953e-5,29819.427927346693
SR1_results_MITACS DRUG RUN 2,S4L1,C12,0.47300000000000003,9.714929898155296e-6,87602.98935589529
SR1_results_MITACS DRUG RUN 2,S4L1,D01,0.361,1.4771388488789814e-5,3557.204326435046
SR1_results_MITACS DRUG RUN 2,S4L1,D02,1.0499999999999998,2.4576669019621647e-5,34984.07586293886
SR1_results_MITACS DRUG RUN 2,S4L1,D03,0.522,1.0791582110531058e-5,-0
SR1_results_MITACS DRUG RUN 2,S4L1,D04,1.0210000000000001,3.0379324216149935e-5,26287.15611171777
SR1_results_MITACS DRUG RUN 2,S4L1,D05,0.775,1.708859098080448e-5,31275.4258401809
SR1_results_MITACS DRUG RUN 2,S4L1,D06,1.034,2.8505976579822694e-5,33841.97933238681
SR1_results_MITACS DRUG RUN 2,S4L1,D07,0.397,8.1082661298763e-6,6748.4823590027045
SR1_results_MITACS DRUG RUN 2,S4L1,D08,0.9900000000000001,9.39572287567345e-5,5891.536841663655
SR1_results_MITACS DRUG RUN 2,S4L1,D09,0.493,1.4531026650902326e-5,89232.35641498797
SR1_results_MITACS DRUG RUN 2,S4L1,D10,1.014,3.129146105422946e-5,30181.83911476733
SR1_results_MITACS DRUG RUN 2,S4L1,D11,0.8270000000000001,1.758788598901417e-5,31382.23310469142
SR1_results_MITACS DRUG RUN 2,S4L1,D12,0.9860000000000001,2.5738884681465224e-5,35335.142346999324
SR1_results_MITACS DRUG RUN 2,S4L1,E01,1.0370000000000001,1.968906946294918e-5,35476.91229361302
SR1_results_MITACS DRUG RUN 2,S4L1,E02,1.021,2.4924194849360256e-5,30825.731489801932
SR1_results_MITACS DRUG RUN 2,S4L1,E03,1.047,2.8379929086639837e-5,32940.81512342446
SR1_results_MITACS DRUG RUN 2,S4L1,E04,1.0190000000000001,2.7293836273562183e-5,25432.908288079998
SR1_results_MITACS DRUG RUN 2,S4L1,E05,0.9299999999999999,1.8272293620615605e-5,37101.44318596323
SR1_results_MITACS DRUG RUN 2,S4L1,E06,1.047,3.1303137349919444e-5,30036.177306728845
SR1_results_MITACS DRUG RUN 2,S4L1,E07,0.9349999999999999,1.508707902228579e-5,48248.803657115415
SR1_results_MITACS DRUG RUN 2,S4L1,E08,0.997,3.257945987562368e-5,42020.17680123431
SR1_results_MITACS DRUG RUN 2,S4L1,E09,1.0419999999999998,2.8885268342807026e-5,37328.518943400144
SR1_results_MITACS DRUG RUN 2,S4L1,E10,0.995,2.9717143940311534e-5,28326.29779132738
SR1_results_MITACS DRUG RUN 2,S4L1,E11,0.899,1.6684446427970076e-5,40062.28403065257
SR1_results_MITACS DRUG RUN 2,S4L1,E12,0.9560000000000001,2.6023382550701425e-5,32444.35283524794
SR1_results_MITACS DRUG RUN 2,S4L1,F01,0.884,1.5357123287647912e-5,27061.800262233144
SR1_results_MITACS DRUG RUN 2,S4L1,F02,0.664,1.2950817454467653e-5,61719.26344280258
SR1_results_MITACS DRUG RUN 2,S4L1,F03,0.42200000000000004,1.367449175778811e-5,-0
SR1_results_MITACS DRUG RUN 2,S4L1,F04,1.022,2.711503646311225e-5,24990.977811904595
SR1_results_MITACS DRUG RUN 2,S4L1,F05,0.9309999999999999,1.5724276568577383e-5,55007.26442076671
SR1_results_MITACS DRUG RUN 2,S4L1,F06,1.017,2.9814605713298928e-5,28188.36620069416
SR1_results_MITACS DRUG RUN 2,S4L1,F07,0.893,1.5316219221418342e-5,3640.1983329847853
SR1_results_MITACS DRUG RUN 2,S4L1,F08,0.546,4.245835421667693e-5,33512.91555889329
SR1_results_MITACS DRUG RUN 2,S4L1,F09,0.524,1.1265593361159499e-5,3224.2195795472994
SR1_results_MITACS DRUG RUN 2,S4L1,F10,1.016,3.377603812597831e-5,31745.927204898566
SR1_results_MITACS DRUG RUN 2,S4L1,F11,0.9680000000000001,1.4862568413562708e-5,66066.94547561825
SR1_results_MITACS DRUG RUN 2,S4L1,F12,1.01,3.087717514780121e-5,30835.69479943988
SR1_results_MITACS DRUG RUN 2,S4L1,G01,0.225,4.564991068557304e-6,18081.900614471553
SR1_results_MITACS DRUG RUN 2,S4L1,G02,0.737,5.612982425239527e-6,10297.356669321209
SR1_results_MITACS DRUG RUN 2,S4L1,G03,0.904,1.1954383357443223e-5,17913.970900781253
SR1_results_MITACS DRUG RUN 2,S4L1,G04,0.5850000000000001,1.5941442027491296e-5,132300.02554594746
SR1_results_MITACS DRUG RUN 2,S4L1,G05,0.33699999999999997,1.5949785755863206e-5,3202.65218004092
SR1_results_MITACS DRUG RUN 2,S4L1,G06,1.0419999999999998,1.9844663233537628e-5,41370.962631821014
SR1_results_MITACS DRUG RUN 2,S4L1,G07,0.5750000000000001,1.0640166837466166e-5,17629.27855596453
SR1_results_MITACS DRUG RUN 2,S4L1,G08,0.8230000000000001,6.816711030705671e-6,26826.409341037674
SR1_results_MITACS DRUG RUN 2,S4L1,G09,0.908,2.1275454441818634e-5,24794.62590606957
SR1_results_MITACS DRUG RUN 2,S4L1,G10,0.93,2.3186087047706663e-5,30347.46479702037
SR1_results_MITACS DRUG RUN 2,S4L1,G11,0.33599999999999997,1.6115416002759144e-5,2846.333042348073
SR1_results_MITACS DRUG RUN 2,S4L1,G12,1.115,2.3279184402395133e-5,44404.505074862995
SR1_results_MITACS DRUG RUN 2,S4L1,H01,0.8,2.615188594493361e-5,25878.81709788411
SR1_results_MITACS DRUG RUN 2,S4L1,H02,1.036,2.906323509689512e-5,34342.589224563286
SR1_results_MITACS DRUG RUN 2,S4L1,H03,0.9510000000000001,1.9021275023258703e-5,33352.18837466663
SR1_results_MITACS DRUG RUN 2,S4L1,H04,0.5700000000000001,1.3384383625885584e-5,1135.7383212662087
SR1_results_MITACS DRUG RUN 2,S4L1,H05,0.06300000000000001,1.6276232640477462e-6,125127.21811825212
SR1_results_MITACS DRUG RUN 2,S4L1,H06,1.004,2.5189404823225966e-5,23877.37910752218
SR1_results_MITACS DRUG RUN 2,S4L1,H07,0.9680000000000001,2.3278535760221387e-5,38185.615380592906
SR1_results_MITACS DRUG RUN 2,S4L1,H08,0.9980000000000001,2.4703112287401965e-5,24797.122344926738
SR1_results_MITACS DRUG RUN 2,S4L1,H09,0.924,1.476628327939702e-5,15741.299197217351
SR1_results_MITACS DRUG RUN 2,S4L1,H10,0.515,2.1877474608466057e-5,142579.93450323778
SR1_results_MITACS DRUG RUN 2,S4L1,H11,0.08700000000000001,2.7743716200298817e-6,9895.580199925673
SR1_results_MITACS DRUG RUN 2,S4L1,H12,0.661,2.5722634321118755e-5,32916.67984669666
SR1_results_MITACS DRUG RUN 2,S4L2,A01,1.0499999999999998,4.929930302966168e-5,23282.574362283027
SR1_results_MITACS DRUG RUN 2,S4L2,A02,1.131,5.4396330295492046e-5,23596.870745702163
SR1_results_MITACS DRUG RUN 2,S4L2,A03,1.233,4.555004116826626e-5,23471.227291492174
SR1_results_MITACS DRUG RUN 2,S4L2,A04,0.939,2.7213852283656737e-5,12645.734960461057
SR1_results_MITACS DRUG RUN 2,S4L2,A05,1.061,4.6998643934731295e-5,19515.368150453425
SR1_results_MITACS DRUG RUN 2,S4L2,A06,1.121,2.694424866166664e-5,21900.428228478217
SR1_results_MITACS DRUG RUN 2,S4L2,A07,1.035,4.3735558840561026e-5,22145.031222717076
SR1_results_MITACS DRUG RUN 2,S4L2,A08,1.022,4.890657741267605e-5,22138.85748818966
SR1_results_MITACS DRUG RUN 2,S4L2,A09,1.201,4.273205426297369e-5,23090.296661822435
SR1_results_MITACS DRUG RUN 2,S4L2,A10,1.146,2.6705013011782284e-5,18534.000125120932
SR1_results_MITACS DRUG RUN 2,S4L2,A11,0.959,4.760723326243385e-5,25017.602151402836
SR1_results_MITACS DRUG RUN 2,S4L2,A12,0.788,3.93727569782663e-5,24500.860009882887
SR1_results_MITACS DRUG RUN 2,S4L2,B01,1.218,4.550432608362576e-5,20908.52111555031
SR1_results_MITACS DRUG RUN 2,S4L2,B02,0.40700000000000003,8.382458301617985e-6,16404.687209868902
SR1_results_MITACS DRUG RUN 2,S4L2,B03,1.085,4.6559496886557696e-5,21380.69649756758
SR1_results_MITACS DRUG RUN 2,S4L2,B04,1.089,5.030092321950368e-5,20380.771969243524
SR1_results_MITACS DRUG RUN 2,S4L2,B05,1.138,7.962452264580352e-5,10400.940586736846
SR1_results_MITACS DRUG RUN 2,S4L2,B06,0.14400000000000002,1.12572672401602e-5,40503.96308906053
SR1_results_MITACS DRUG RUN 2,S4L2,B07,1.109,7.290320739291938e-5,12980.857821574886
SR1_results_MITACS DRUG RUN 2,S4L2,B08,0.105,3.1152671031853387e-6,150636.00950316578
SR1_results_MITACS DRUG RUN 2,S4L2,B09,0.9269999999999999,3.798725784849734e-5,22167.68716202076
SR1_results_MITACS DRUG RUN 2,S4L2,B10,0.9109999999999999,4.0420695412586195e-5,20710.440797233103
SR1_results_MITACS DRUG RUN 2,S4L2,B11,0.9650000000000001,3.4634196268831924e-5,24719.291663489388
SR1_results_MITACS DRUG RUN 2,S4L2,B12,0.661,1.0610780890280182e-5,102055.13092268373
SR1_results_MITACS DRUG RUN 2,S4L2,C01,1.3860000000000001,5.0456283003489186e-5,30150.73001915894
SR1_results_MITACS DRUG RUN 2,S4L2,C02,1.202,5.366808837182802e-5,22328.135460029098
SR1_results_MITACS DRUG RUN 2,S4L2,C03,1.2149999999999999,5.4746238400001015e-5,21101.248436371337
SR1_results_MITACS DRUG RUN 2,S4L2,C04,0.8260000000000001,4.2493334534134106e-5,91714.7697944349
SR1_results_MITACS DRUG RUN 2,S4L2,C05,1.204,4.987546839021513e-5,21152.738166691805
SR1_results_MITACS DRUG RUN 2,S4L2,C06,0.39799999999999996,1.364976722399391e-5,91183.84328925067
SR1_results_MITACS DRUG RUN 2,S4L2,C07,1.344,5.1755766287107276e-5,28284.503940840412
SR1_results_MITACS DRUG RUN 2,S4L2,C08,1.024,3.658219305065555e-5,20948.340034349265
SR1_results_MITACS DRUG RUN 2,S4L2,C09,1.039,4.0506049163892624e-5,20909.789347219616
SR1_results_MITACS DRUG RUN 2,S4L2,C10,0.732,1.189083942422517e-5,90723.49228552263
SR1_results_MITACS DRUG RUN 2,S4L2,C11,1.0339999999999998,3.68585147795829e-5,20057.498255397993
SR1_results_MITACS DRUG RUN 2,S4L2,C12,0.706,2.9147537304942194e-5,41311.61110420575
SR1_results_MITACS DRUG RUN 2,S4L2,D01,0.388,1.429187093341393e-5,4516.929893001616
SR1_results_MITACS DRUG RUN 2,S4L2,D02,1.24,4.581446287718761e-5,25485.735901663375
SR1_results_MITACS DRUG RUN 2,S4L2,D03,0.541,1.6016134051821778e-5,87253.74777994886
SR1_results_MITACS DRUG RUN 2,S4L2,D04,1.187,5.8263398867560665e-5,21709.18062953811
SR1_results_MITACS DRUG RUN 2,S4L2,D05,1.051,4.362604797341171e-5,24782.410706321138
SR1_results_MITACS DRUG RUN 2,S4L2,D06,1.133,3.223325242612593e-5,19123.014916886204
SR1_results_MITACS DRUG RUN 2,S4L2,D07,0.28700000000000003,9.998626823924075e-6,91732.49185507467
SR1_results_MITACS DRUG RUN 2,S4L2,D08,1.14,8.636931579460952e-5,7350.897592871026
SR1_results_MITACS DRUG RUN 2,S4L2,D09,0.441,1.1594605388365781e-5,84910.86527324018
SR1_results_MITACS DRUG RUN 2,S4L2,D10,1.185,5.202600943082713e-5,22327.720399530324
SR1_results_MITACS DRUG RUN 2,S4L2,D11,0.9279999999999999,4.883694188281166e-5,25792.45306005979
SR1_results_MITACS DRUG RUN 2,S4L2,D12,0.772,2.239612330097414e-5,20148.89189192221
SR1_results_MITACS DRUG RUN 2,S4L2,E01,1.284,3.4053698540051575e-5,27098.499076572934
SR1_results_MITACS DRUG RUN 2,S4L2,E02,1.198,6.413107682721748e-5,11054.888916149172
SR1_results_MITACS DRUG RUN 2,S4L2,E03,1.196,5.268625300934926e-5,22492.16529914336
SR1_results_MITACS DRUG RUN 2,S4L2,E04,1.158,5.366853087692103e-5,21601.543117563564
SR1_results_MITACS DRUG RUN 2,S4L2,E05,1.264,3.1833406734641964e-5,33548.228258814714
SR1_results_MITACS DRUG RUN 2,S4L2,E06,1.1889999999999998,5.40323885278112e-5,21649.19014224308
SR1_results_MITACS DRUG RUN 2,S4L2,E07,1.064,1.8128726500050812e-5,43401.3633124029
SR1_results_MITACS DRUG RUN 2,S4L2,E08,1.228,4.5141469586534724e-5,63493.6684568952
SR1_results_MITACS DRUG RUN 2,S4L2,E09,1.119,4.929074822619981e-5,22205.582742510498
SR1_results_MITACS DRUG RUN 2,S4L2,E10,1.035,4.785162273007138e-5,20866.341050379742
SR1_results_MITACS DRUG RUN 2,S4L2,E11,1.024,2.3796026599386668e-5,36801.61006269287
SR1_results_MITACS DRUG RUN 2,S4L2,E12,1.089,4.452850420307e-5,24409.2555195527
SR1_results_MITACS DRUG RUN 2,S4L2,F01,1.026,1.852386413990086e-5,15197.706166750353
SR1_results_MITACS DRUG RUN 2,S4L2,F02,0.93,2.4520120940482146e-5,44843.7447943025
SR1_results_MITACS DRUG RUN 2,S4L2,F03,1.087,8.639907795600859e-5,21664.29553695232
SR1_results_MITACS DRUG RUN 2,S4L2,F04,1.223,5.635450709261535e-5,22500.39622795459
SR1_results_MITACS DRUG RUN 2,S4L2,F05,1.156,5.303530715686068e-5,21857.79429571894
SR1_results_MITACS DRUG RUN 2,S4L2,F06,1.1640000000000001,5.216497041803977e-5,21283.427606457077
SR1_results_MITACS DRUG RUN 2,S4L2,F07,1.0819999999999999,2.495520029321084e-5,14527.742168726312
SR1_results_MITACS DRUG RUN 2,S4L2,F08,0.891,3.464791191287096e-5,30700.284021820622
SR1_results_MITACS DRUG RUN 2,S4L2,F09,1.141,1.5055071328810372e-5,70640.21013936923
SR1_results_MITACS DRUG RUN 2,S4L2,F10,1.097,4.6905206067613696e-5,21939.655828103976
SR1_results_MITACS DRUG RUN 2,S4L2,F11,0.952,4.3505656961905915e-5,20480.646593804104
SR1_results_MITACS DRUG RUN 2,S4L2,F12,1.1400000000000001,3.973616295775305e-5,20146.161394803727
SR1_results_MITACS DRUG RUN 2,S4L2,G01,0.552,1.5408409177363557e-5,10991.435112477733
SR1_results_MITACS DRUG RUN 2,S4L2,G02,1.771,3.964348996843241e-5,57293.685211449076
SR1_results_MITACS DRUG RUN 2,S4L2,G03,1.161,5.18988435048847e-5,22295.220206374463
SR1_results_MITACS DRUG RUN 2,S4L2,G04,0.5660000000000001,2.207052074861215e-6,60544.83361867801
SR1_results_MITACS DRUG RUN 2,S4L2,G05,0.41800000000000004,2.2827341304162355e-5,91183.70969906106
SR1_results_MITACS DRUG RUN 2,S4L2,G06,1.748,6.874683046366865e-5,21289.620140516978
SR1_results_MITACS DRUG RUN 2,S4L2,G07,0.8220000000000001,1.5172718961844081e-5,15999.621574691972
SR1_results_MITACS DRUG RUN 2,S4L2,G08,2.029,5.179242331046079e-5,46003.138743745825
SR1_results_MITACS DRUG RUN 2,S4L2,G09,1.119,4.744470797476618e-5,22205.96966206328
SR1_results_MITACS DRUG RUN 2,S4L2,G10,0.9860000000000001,3.099582209810644e-5,21688.531480321904
SR1_results_MITACS DRUG RUN 2,S4L2,G11,0.049000000000000016,2.089344072340059e-6,54349.617803706176
SR1_results_MITACS DRUG RUN 2,S4L2,G12,1.661,3.871604074582353e-5,20151.97645729222
SR1_results_MITACS DRUG RUN 2,S4L2,H01,1.1300000000000001,4.354850767427161e-5,22432.304337519785
SR1_results_MITACS DRUG RUN 2,S4L2,H02,1.055,5.355114238753564e-5,23783.054222524337
SR1_results_MITACS DRUG RUN 2,S4L2,H03,0.797,2.977050115465667e-5,24394.65704697353
SR1_results_MITACS DRUG RUN 2,S4L2,H04,0.9369999999999999,1.4028545226331287e-5,4571.67711358252
SR1_results_MITACS DRUG RUN 2,S4L2,H05,0.033000000000000015,1.2051234739199147e-6,6034.885574574663
SR1_results_MITACS DRUG RUN 2,S4L2,H06,1.1400000000000001,4.9795767004613705e-5,22997.22823332955
SR1_results_MITACS DRUG RUN 2,S4L2,H07,1.188,7.262566907934171e-5,8216.153169718573
SR1_results_MITACS DRUG RUN 2,S4L2,H08,1.2930000000000001,5.260665473946562e-5,23642.571853098118
SR1_results_MITACS DRUG RUN 2,S4L2,H09,0.939,3.530810562727789e-5,24723.185853441148
SR1_results_MITACS DRUG RUN 2,S4L2,H10,0.64,9.93258977705833e-6,38814.62783652027
SR1_results_MITACS DRUG RUN 2,S4L2,H11,0.029000000000000012,1.8550997017914044e-6,28821.181224052252
SR1_results_MITACS DRUG RUN 2,S4L2,H12,0.773,4.188374588368536e-5,20744.42891467383
