"","plate","well","run","A","mu","lambda","solvent","control2","strain"
"1","S1L1","A01","Result_96_2020-01-13_mitacs_control",3.14684138832927,0.000147056814896811,15804.4766069175,"H2O","H2O","S6.14"
"2","S1L1","A07","Result_96_2020-01-13_mitacs_control",3.28772662831899,0.000157335224227988,16605.5338821294,"H2O","H2O","S6.14"
"3","S1L1","G10","Result_96_2020-01-13_mitacs_control",3.25225993423962,0.000152152242931687,15819.370530531,"H2O","case","S6.14"
"4","S1L1","B09","Result_96_2020-01-13_mitacs_control",3.04439411935845,0.000139582150560213,20041.9340528554,"DMSO","case","S6.14"
"5","S1L1","C04","Result_96_2020-01-13_mitacs_control",3.23969527974649,0.00015379740586079,15674.6680581546,"H2O","case","S6.14"
"6","S1L1","D06","Result_96_2020-01-13_mitacs_control",3.25964381663302,0.000197339553616244,18269.9288936332,"H2O","case","S6.14"
"7","S1L1","A02","Result_96_2020-01-13_mitacs_control",3.15488560197817,0.000146061110684946,15559.1458162482,"H2O","case","S6.14"
"8","S1L1","C05","Result_96_2020-01-13_mitacs_control",3.24241472476826,0.000178154951267784,17169.1407937307,"H2O","case","S6.14"
"9","S1L1","G11","Result_96_2020-01-13_mitacs_control",3.11182204687874,0.00015454815756084,19535.1200839703,"DMSO","case","S6.14"
"10","S1L1","B10","Result_96_2020-01-13_mitacs_control",3.31726754711944,0.000157825676202306,16343.1762954143,"H2O","case","S6.14"
"11","S1L1","D07","Result_96_2020-01-13_mitacs_control",3.10342958965541,0.000173070143552116,20618.0003342283,"DMSO","case","S6.14"
"12","S1L1","F03","Result_96_2020-01-13_mitacs_control",3.14653518116673,0.000156344677499118,19434.7835127306,"DMSO","case","S6.14"
"13","S1L1","A03","Result_96_2020-01-13_mitacs_control",3.3199771885172,0.000146049014860499,15254.2533240215,"H2O","case","S6.14"
"14","S1L1","C06","Result_96_2020-01-13_mitacs_control",3.28856949794093,0.000166013758789513,16665.8656422231,"H2O","case","S6.14"
"15","S1L1","C08","Result_96_2020-01-13_mitacs_control",3.27949282856697,0.000164690396033065,16791.8170247639,"H2O","case","S6.14"
"16","S1L1","H06","Result_96_2020-01-13_mitacs_control",3.23644019582208,0.00012804514816565,14770.8505692417,"H2O","case","S6.14"
"17","S1L1","B11","Result_96_2020-01-13_mitacs_control",3.04875931191986,0.000144922529519419,18938.4332026789,"DMSO","case","S6.14"
"18","S1L1","A10","Result_96_2020-01-13_mitacs_control",3.66456697008296,0.000158651446545309,17174.040558243,"H2O","case","S6.14"
"19","S1L1","D08","Result_96_2020-01-13_mitacs_control",3.17431009612803,0.000168147602656502,20586.7263487274,"DMSO","case","S6.14"
"20","S1L1","A04","Result_96_2020-01-13_mitacs_control",3.62074707586113,0.000144171567301179,14941.9678458476,"H2O","case","S6.14"
"21","S1L1","C07","Result_96_2020-01-13_mitacs_control",3.66522984056729,0.000209181912220139,21309.9968035908,"ETOH","ETOH","S6.14"
"22","S1L1","H01","Result_96_2020-01-13_mitacs_control",3.07559761889416,0.00014945339350391,19469.5710854097,"DMSO","case","S6.14"
"23","S1L1","C03","Result_96_2020-01-13_mitacs_control",3.22856218857665,0.000153035232796772,15565.0304316809,"H2O","case","S6.14"
"24","S1L1","D09","Result_96_2020-01-13_mitacs_control",3.70992077115198,0.000206754236297668,20361.8348153025,"ETOH","case","S6.14"
"25","S1L1","G06","Result_96_2020-01-13_mitacs_control",3.35908109330483,0.000189119846234922,17707.269303168,"H2O","case","S6.14"
"26","S1L1","A05","Result_96_2020-01-13_mitacs_control",3.52863889399154,0.00013630672454542,14771.2435467681,"H2O","case","S6.14"
"27","S1L1","F05","Result_96_2020-01-13_mitacs_control",3.14916644127551,0.000194855917356765,17953.9770654066,"H2O","case","S6.14"
"28","S1L1","D05","Result_96_2020-01-13_mitacs_control",3.20076240536491,0.000187465188863697,17820.2670855085,"H2O","case","S6.14"
"29","S1L1","C01","Result_96_2020-01-13_mitacs_control",3.17443342711406,0.000215148937327728,20851.8712344582,"ETOH","ETOH","S6.14"
"30","S1L1","E04","Result_96_2020-01-13_mitacs_control",3.26261689894595,0.000213456331022677,18356.8919411926,"H2O","case","S6.14"
"31","S1L1","D10","Result_96_2020-01-13_mitacs_control",3.24792751344359,0.000158120278006712,16131.773905974,"H2O","case","S6.14"
"32","S1L1","A06","Result_96_2020-01-13_mitacs_control",3.46660030439776,0.000153237136241132,16005.6096123549,"H2O","case","S6.14"
"33","S1L1","F06","Result_96_2020-01-13_mitacs_control",3.29733610670497,0.000199293264799886,18417.5418659875,"H2O","case","S6.14"
"34","S1L1","H03","Result_96_2020-01-13_mitacs_control",3.29197487278573,0.000147342430058611,15417.0236216617,"H2O","case","S6.14"
"35","S1L1","C02","Result_96_2020-01-13_mitacs_control",3.22667977973955,0.000148826598568956,14844.9683589073,"H2O","case","S6.14"
"36","S1L1","E08","Result_96_2020-01-13_mitacs_control",3.18304050123257,0.000169383286401026,18448.5731953941,"DMSO","case","S6.14"
"37","S1L1","E01","Result_96_2020-01-13_mitacs_control",3.35049724708413,0.000218775198539885,21788.5623090104,"ETOH","case","S6.14"
"38","S1L1","B01","Result_96_2020-01-13_mitacs_control",3.06177619758669,0.000154380111403609,19199.9330367994,"DMSO","DMSO","S6.14"
"39","S1L1","E06","Result_96_2020-01-13_mitacs_control",3.28904473307358,0.00017761744593243,17202.7616903641,"H2O","case","S6.14"
"40","S1L1","D11","Result_96_2020-01-13_mitacs_control",3.35368989069735,0.000153479411381854,15286.7032143353,"H2O","case","S6.14"
"41","S1L1","G07","Result_96_2020-01-13_mitacs_control",3.64893909006795,0.000208949864245828,21129.9225222295,"ETOH","case","S6.14"
"42","S1L1","H11","Result_96_2020-01-13_mitacs_control",3.28239973070072,0.000149405470723427,15867.8754093287,"H2O","case","S6.14"
"43","S1L1","C10","Result_96_2020-01-13_mitacs_control",3.32921331864695,0.000149762611512683,15242.7022463516,"H2O","case","S6.14"
"44","S1L1","F08","Result_96_2020-01-13_mitacs_control",3.13968777101181,0.000176833457348029,21153.5578223433,"DMSO","case","S6.14"
"45","S1L1","H04","Result_96_2020-01-13_mitacs_control",3.16781425484651,0.000138829086238759,18829.4259231799,"DMSO","case","S6.14"
"46","S1L1","F09","Result_96_2020-01-13_mitacs_control",3.04209133348903,0.000143341830167483,20511.9046337568,"DMSO","case","S6.14"
"47","S1L1","A08","Result_96_2020-01-13_mitacs_control",3.31678665131081,0.000162733667939789,17077.9773143773,"H2O","case","S6.14"
"48","S1L1","C11","Result_96_2020-01-13_mitacs_control",3.26886685113595,0.000147938644992931,15419.6053542158,"H2O","case","S6.14"
"49","S1L1","A11","Result_96_2020-01-13_mitacs_control",3.16146342269412,0.000151532054113961,16180.0003569517,"H2O","case","S6.14"
"50","S1L1","G08","Result_96_2020-01-13_mitacs_control",3.37327497488758,0.000159940825668292,16721.536294339,"H2O","case","S6.14"
"51","S1L1","B04","Result_96_2020-01-13_mitacs_control",3.27897594970282,0.00014792045443697,14917.8349383157,"H2O","case","S6.14"
"52","S1L1","F10","Result_96_2020-01-13_mitacs_control",3.27441916931342,0.000160611690854351,16347.1250372914,"H2O","case","S6.14"
"53","S1L1","A09","Result_96_2020-01-13_mitacs_control",3.35049724708413,0.00014982671926917,16689.9155738176,"H2O","case","S6.14"
"54","S1L1","B02","Result_96_2020-01-13_mitacs_control",3.22933848694931,0.000151895010540723,15387.4754971291,"H2O","case","S6.14"
"55","S1L1","H02","Result_96_2020-01-13_mitacs_control",3.09085343045111,0.000133871987179298,18156.1717395125,"DMSO","case","S6.14"
"56","S1L1","F12","Result_96_2020-01-13_mitacs_control",3.15905309587874,0.000156069685890184,15892.1029372088,"H2O","case","S6.14"
"57","S1L1","E09","Result_96_2020-01-13_mitacs_control",3.1881295968199,0.000161565633228575,17010.4919643502,"H2O","case","S6.14"
"58","S1L1","G05","Result_96_2020-01-13_mitacs_control",3.10479619001161,0.000150847228940659,19783.6802761457,"DMSO","case","S6.14"
"59","S1L1","H07","Result_96_2020-01-13_mitacs_control",3.15686884861687,0.000140011273291515,18504.2658406371,"DMSO","case","S6.14"
"60","S1L1","E03","Result_96_2020-01-13_mitacs_control",3.24062799278551,0.000165186197829328,15834.6141369753,"H2O","case","S6.14"
"61","S1L1","B12","Result_96_2020-01-13_mitacs_control",3.07434734146008,0.000156745525086085,16713.0256108161,"H2O","case","S6.14"
"62","S1L1","E05","Result_96_2020-01-13_mitacs_control",3.23446525363702,0.00018485548129742,17211.8762199932,"H2O","case","S6.14"
"63","S1L1","H05","Result_96_2020-01-13_mitacs_control",3.24899657243351,0.000163515936571347,16177.7823954936,"H2O","case","S6.14"
"64","S1L1","B06","Result_96_2020-01-13_mitacs_control",3.2997168157972,0.000167008875318638,17031.6548616075,"H2O","case","S6.14"
"65","S1L1","G04","Result_96_2020-01-13_mitacs_control",3.29112204810619,0.000153879759096489,15714.7782938888,"H2O","case","S6.14"
"66","S1L1","D02","Result_96_2020-01-13_mitacs_control",3.1742509268451,0.000147599548291591,17978.2354094176,"DMSO","case","S6.14"
"67","S1L1","G02","Result_96_2020-01-13_mitacs_control",3.10906047574807,0.000141761518693615,15402.7994927595,"H2O","case","S6.14"
"68","S1L1","F01","Result_96_2020-01-13_mitacs_control",3.04998813583168,0.000161680180405561,19622.7553863358,"DMSO","case","S6.14"
"69","S1L1","G09","Result_96_2020-01-13_mitacs_control",3.2822279710671,0.000160463956462565,17063.2579768366,"H2O","case","S6.14"
"70","S1L1","H08","Result_96_2020-01-13_mitacs_control",3.19993757050875,0.000142198027677777,18901.7300196167,"DMSO","case","S6.14"
"71","S1L1","D03","Result_96_2020-01-13_mitacs_control",3.38552825711612,0.000194203618584859,19361.2968327522,"ETOH","case","S6.14"
"72","S1L1","A12","Result_96_2020-01-13_mitacs_control",2.71655938350437,0.000143335300605603,16870.0419166732,"H2O","case","S6.14"
"73","S1L1","E12","Result_96_2020-01-13_mitacs_control",3.21471292318915,0.00015829715196241,15785.1331768843,"H2O","case","S6.14"
"74","S1L1","C09","Result_96_2020-01-13_mitacs_control",3.28379296600059,0.000161922558726277,16213.9300255657,"H2O","case","S6.14"
"75","S1L1","G03","Result_96_2020-01-13_mitacs_control",3.27301849440642,0.000158789047229322,15939.7262985077,"H2O","case","S6.14"
"76","S1L1","E10","Result_96_2020-01-13_mitacs_control",3.1676969005502,0.000160199379216179,16320.2678999152,"H2O","case","S6.14"
"77","S1L1","C12","Result_96_2020-01-13_mitacs_control",3.22105349312815,0.000153967933559172,16082.2257731826,"H2O","case","S6.14"
"78","S1L1","G01","Result_96_2020-01-13_mitacs_control",3.18116975860994,0.000188158518234331,19749.2506814397,"ETOH","case","S6.14"
"79","S1L1","D04","Result_96_2020-01-13_mitacs_control",3.28334563256831,0.000178922530761103,16618.7557633748,"H2O","case","S6.14"
"80","S1L1","F11","Result_96_2020-01-13_mitacs_control",3.29733610670497,0.000150208843547924,15567.9095110651,"H2O","case","S6.14"
"81","S1L1","F04","Result_96_2020-01-13_mitacs_control",3.27574184592938,0.000167184220505618,16222.3606219015,"H2O","case","S6.14"
"82","S1L1","H10","Result_96_2020-01-13_mitacs_control",3.1862729955298,0.000156985827167374,20172.7108831248,"DMSO","case","S6.14"
"83","S1L1","H12","Result_96_2020-01-13_mitacs_control",3.21241097897452,0.000149156421437786,15443.8382161112,"H2O","case","S6.14"
"84","S1L1","B05","Result_96_2020-01-13_mitacs_control",3.08298936467103,0.000129572523614017,17846.4523867344,"DMSO","case","S6.14"
"85","S1L1","B08","Result_96_2020-01-13_mitacs_control",3.3323447108327,0.000161981868616654,16866.457231391,"H2O","case","S6.14"
"86","S1L1","B03","Result_96_2020-01-13_mitacs_control",3.11617942967079,0.000151233347559809,19184.8493444048,"DMSO","case","S6.14"
"87","S1L1","E02","Result_96_2020-01-13_mitacs_control",3.09734811431315,0.000155132610476869,18300.1543776846,"DMSO","case","S6.14"
"88","S1L1","B07","Result_96_2020-01-13_mitacs_control",3.19310324787358,0.000156605516324822,19082.8098313618,"DMSO","DMSO","S6.14"
"89","S1L1","F02","Result_96_2020-01-13_mitacs_control",3.10080064078749,0.000140506603913855,18535.8851458449,"DMSO","case","S6.14"
"90","S1L1","F07","Result_96_2020-01-13_mitacs_control",3.15704371014558,0.000163279072021275,21113.7420660998,"DMSO","case","S6.14"
"91","S1L1","H09","Result_96_2020-01-13_mitacs_control",3.51457317282976,0.000151833540429971,16500.6619213785,"H2O","case","S6.14"
"92","S1L1","E11","Result_96_2020-01-13_mitacs_control",3.20285527654461,0.000150976472319769,16056.1510002308,"H2O","case","S6.14"
"93","S1L1","D01","Result_96_2020-01-13_mitacs_control",3.03160960651682,0.000173911403647624,19828.8551033995,"DMSO","case","S6.14"
"94","S1L1","E07","Result_96_2020-01-13_mitacs_control",3.67937810261326,0.000210017166262049,19691.4017796288,"ETOH","case","S6.14"
"95","S1L1","G12","Result_96_2020-01-13_mitacs_control",3.20205762238312,0.00015404351346781,16055.5481184253,"H2O","case","S6.14"
"96","S1L1","D12","Result_96_2020-01-13_mitacs_control",3.1960651389061,0.000152648231574172,16195.9729030059,"H2O","case","S6.14"
"97","S1L2","C01","Result_96_2020-01-13_mitacs_control",4.18048689509263,0.000164143426022028,18046.74410359,"ETOH","ETOH","S6.45"
"98","S1L2","G05","Result_96_2020-01-13_mitacs_control",3.96181680611211,0.00018237793812665,12277.4554046178,"DMSO","case","S6.45"
"99","S1L2","H06","Result_96_2020-01-13_mitacs_control",3.89585654533354,0.000239504852930956,6894.63456383125,"H2O","case","S6.45"
"100","S1L2","F03","Result_96_2020-01-13_mitacs_control",4.12135652405331,0.000162309226874344,12318.2429018065,"DMSO","case","S6.45"
"101","S1L2","A11","Result_96_2020-01-13_mitacs_control",3.34885642229437,0.000205143231763931,14535.95245178,"H2O","case","S6.45"
"102","S1L2","B10","Result_96_2020-01-13_mitacs_control",3.96374609966443,0.000218193121715301,6129.48402444431,"H2O","case","S6.45"
"103","S1L2","B12","Result_96_2020-01-13_mitacs_control",3.32516648558425,0.000229425262837307,14980.0281190991,"H2O","case","S6.45"
"104","S1L2","B06","Result_96_2020-01-13_mitacs_control",4.06413033741972,0.000212419319984587,7062.93056460322,"H2O","case","S6.45"
"105","S1L2","D09","Result_96_2020-01-13_mitacs_control",4.4973386354134,0.000209659351006836,7803.09070993403,"ETOH","case","S6.45"
"106","S1L2","D02","Result_96_2020-01-13_mitacs_control",4.06764869232932,0.000201188530943771,7840.27275157138,"DMSO","case","S6.45"
"107","S1L2","D03","Result_96_2020-01-13_mitacs_control",4.22351209158348,0.000191663283746128,21590.2235740668,"ETOH","case","S6.45"
"108","S1L2","B11","Result_96_2020-01-13_mitacs_control",4.04139662183117,0.000182516539948781,10979.1289589318,"DMSO","case","S6.45"
"109","S1L2","E04","Result_96_2020-01-13_mitacs_control",4.00134517029875,0.000241895597699656,6434.49465356958,"H2O","case","S6.45"
"110","S1L2","F04","Result_96_2020-01-13_mitacs_control",4.00537317209885,0.000252744426946493,6830.43402510828,"H2O","case","S6.45"
"111","S1L2","H12","Result_96_2020-01-13_mitacs_control",4.1963972128035,0.000215572330161329,16603.2313443528,"H2O","case","S6.45"
"112","S1L2","C11","Result_96_2020-01-13_mitacs_control",3.93949526104045,0.000208552667268146,6331.54891090126,"H2O","case","S6.45"
"113","S1L2","B03","Result_96_2020-01-13_mitacs_control",4.04419306896683,0.000133414749014556,10635.9203135382,"DMSO","case","S6.45"
"114","S1L2","H01","Result_96_2020-01-13_mitacs_control",3.9668331360648,0.000166366200335996,14357.637382815,"DMSO","case","S6.45"
"115","S1L2","C05","Result_96_2020-01-13_mitacs_control",3.92259549631439,0.000200279643917088,7072.59521134849,"H2O","case","S6.45"
"116","S1L2","D07","Result_96_2020-01-13_mitacs_control",4.01390255651114,0.000182105908564531,16317.291382846,"DMSO","case","S6.45"
"117","S1L2","C08","Result_96_2020-01-13_mitacs_control",4.05414868688419,0.000181838589001313,7222.54027355728,"H2O","case","S6.45"
"118","S1L2","F10","Result_96_2020-01-13_mitacs_control",3.93176526424755,0.000224596112591792,6571.61992152209,"H2O","case","S6.45"
"119","S1L2","D06","Result_96_2020-01-13_mitacs_control",4.02930783233478,0.000215521532156135,7468.21084742146,"H2O","case","S6.45"
"120","S1L2","B07","Result_96_2020-01-13_mitacs_control",4.09252049775671,0.000185770376530104,15739.6884885232,"DMSO","DMSO","S6.45"
"121","S1L2","F12","Result_96_2020-01-13_mitacs_control",3.78171899507075,0.000287420409556685,18107.1572235545,"H2O","case","S6.45"
"122","S1L2","E05","Result_96_2020-01-13_mitacs_control",4,0.000210914770013803,7144.84480751797,"H2O","case","S6.45"
"123","S1L2","D04","Result_96_2020-01-13_mitacs_control",4.04504647977693,0.000254902086629187,6949.03640449658,"H2O","case","S6.45"
"124","S1L2","A10","Result_96_2020-01-13_mitacs_control",3.32192809488736,0.000192980908253594,14171.6534297275,"H2O","case","S6.45"
"125","S1L2","G06","Result_96_2020-01-13_mitacs_control",3.95487062451034,0.000244835400283843,6874.95491129213,"H2O","case","S6.45"
"126","S1L2","D08","Result_96_2020-01-13_mitacs_control",4.11185387091706,0.000208977888062708,16200.8666435061,"DMSO","case","S6.45"
"127","S1L2","C12","Result_96_2020-01-13_mitacs_control",3.56004486851683,0.000254978764059759,15799.1952744569,"H2O","case","S6.45"
"128","S1L2","H08","Result_96_2020-01-13_mitacs_control",4.02729169166774,0.000174280517644939,10789.3444952165,"DMSO","case","S6.45"
"129","S1L2","E10","Result_96_2020-01-13_mitacs_control",3.95487062451034,0.000222651089308073,7094.16883829364,"H2O","case","S6.45"
"130","S1L2","A07","Result_96_2020-01-13_mitacs_control",3.39539025682838,0.000202081060525749,15196.5013363557,"H2O","H2O","S6.45"
"131","S1L2","G09","Result_96_2020-01-13_mitacs_control",3.99726503227876,0.000247577051370814,6826.75220897387,"H2O","case","S6.45"
"132","S1L2","H11","Result_96_2020-01-13_mitacs_control",3.86148013591857,0.000186737917243897,7475.20765273659,"H2O","case","S6.45"
"133","S1L2","A01","Result_96_2020-01-13_mitacs_control",3.95354068890734,0.000292913474065055,17742.5797936125,"H2O","H2O","S6.45"
"134","S1L2","B01","Result_96_2020-01-13_mitacs_control",3.54133460014814,0.00015363017524375,17880.0539849457,"DMSO","DMSO","S6.45"
"135","S1L2","G10","Result_96_2020-01-13_mitacs_control",3.8972404255748,0.000224478254961649,6858.13731960825,"H2O","case","S6.45"
"136","S1L2","E07","Result_96_2020-01-13_mitacs_control",4.03536515355733,0.000196334684247611,22783.5592758274,"ETOH","case","S6.45"
"137","S1L2","G03","Result_96_2020-01-13_mitacs_control",3.84634905367347,0.000244793978074264,6484.00435174975,"H2O","case","S6.45"
"138","S1L2","F07","Result_96_2020-01-13_mitacs_control",4.04560799830334,0.000167285633541528,13718.5087067203,"DMSO","case","S6.45"
"139","S1L2","A02","Result_96_2020-01-13_mitacs_control",3.95056417746677,0.000233242179212978,6324.28714672698,"H2O","case","S6.45"
"140","S1L2","C07","Result_96_2020-01-13_mitacs_control",4.34820741968621,0.000164576249681857,7796.44447755413,"ETOH","ETOH","S6.45"
"141","S1L2","D11","Result_96_2020-01-13_mitacs_control",4.02004703456954,0.000218501057327434,6671.76550627839,"H2O","case","S6.45"
"142","S1L2","H03","Result_96_2020-01-13_mitacs_control",3.88054560042314,0.000285297111162769,5798.39432414138,"H2O","case","S6.45"
"143","S1L2","B04","Result_96_2020-01-13_mitacs_control",3.95145614804196,0.000242007788076559,6063.80051828694,"H2O","case","S6.45"
"144","S1L2","A09","Result_96_2020-01-13_mitacs_control",3.28279478088358,0.000172973075636501,14156.7855024317,"H2O","case","S6.45"
"145","S1L2","G07","Result_96_2020-01-13_mitacs_control",4.56781421889075,0.000245952584877072,7516.9569974936,"ETOH","case","S6.45"
"146","S1L2","D05","Result_96_2020-01-13_mitacs_control",4.01655117626385,0.000194070644364875,6943.98441055179,"H2O","case","S6.45"
"147","S1L2","H09","Result_96_2020-01-13_mitacs_control",3.76838185952645,0.00023537223159572,6573.64566052414,"H2O","case","S6.45"
"148","S1L2","E02","Result_96_2020-01-13_mitacs_control",4.13734924286372,0.000153515358676845,11540.9858424706,"DMSO","case","S6.45"
"149","S1L2","F11","Result_96_2020-01-13_mitacs_control",3.93006144387946,0.000223230278122041,6892.99935359928,"H2O","case","S6.45"
"150","S1L2","C09","Result_96_2020-01-13_mitacs_control",3.96293790577846,0.000221828585617889,6851.86856262302,"H2O","case","S6.45"
"151","S1L2","A08","Result_96_2020-01-13_mitacs_control",4.13894935153845,0.00018899604181575,13217.335270215,"H2O","case","S6.45"
"152","S1L2","A06","Result_96_2020-01-13_mitacs_control",3.3842123731417,0.000257044079025499,16748.5420956519,"H2O","case","S6.45"
"153","S1L2","H07","Result_96_2020-01-13_mitacs_control",4.07681559705083,0.000181667073083426,13512.2659271232,"DMSO","case","S6.45"
"154","S1L2","F09","Result_96_2020-01-13_mitacs_control",4.03097673669467,0.000176031430400886,14214.4433696829,"DMSO","case","S6.45"
"155","S1L2","G04","Result_96_2020-01-13_mitacs_control",3.96733381107968,0.000239564276197166,6749.11160346986,"H2O","case","S6.45"
"156","S1L2","H05","Result_96_2020-01-13_mitacs_control",3.88227804112691,0.000259683086268197,6835.54531255861,"H2O","case","S6.45"
"157","S1L2","F01","Result_96_2020-01-13_mitacs_control",3.94080707995129,0.000147634054037468,16427.1698016591,"DMSO","case","S6.45"
"158","S1L2","E06","Result_96_2020-01-13_mitacs_control",4.03325861994542,0.000208502395228817,7356.48534196968,"H2O","case","S6.45"
"159","S1L2","A05","Result_96_2020-01-13_mitacs_control",4.28705763504031,0.00021129625405593,15477.805386962,"H2O","case","S6.45"
"160","S1L2","F08","Result_96_2020-01-13_mitacs_control",4.0670018036138,0.000188609849099429,15951.7056620756,"DMSO","case","S6.45"
"161","S1L2","E11","Result_96_2020-01-13_mitacs_control",4.00268908752764,0.000227682880081084,6743.47911440614,"H2O","case","S6.45"
"162","S1L2","G08","Result_96_2020-01-13_mitacs_control",3.98265810322648,0.00025855102860276,6757.54329536129,"H2O","case","S6.45"
"163","S1L2","D12","Result_96_2020-01-13_mitacs_control",3.34680276352639,0.000323461534157,17500.6321536139,"H2O","case","S6.45"
"164","S1L2","G01","Result_96_2020-01-13_mitacs_control",4.41287430613795,0.000188709157935419,23292.906951093,"ETOH","case","S6.45"
"165","S1L2","A12","Result_96_2020-01-13_mitacs_control",3.31488895930152,0.000261682756093064,8954.29230348269,"H2O","case","S6.45"
"166","S1L2","B08","Result_96_2020-01-13_mitacs_control",4.03325861994542,0.00022766773226907,6516.93015512306,"H2O","case","S6.45"
"167","S1L2","E03","Result_96_2020-01-13_mitacs_control",4.02236781302845,0.000248527367208823,14438.5965190002,"H2O","case","S6.45"
"168","S1L2","A04","Result_96_2020-01-13_mitacs_control",3.85870180205782,0.000217600150011554,15397.1848759348,"H2O","case","S6.45"
"169","S1L2","C03","Result_96_2020-01-13_mitacs_control",3.98399952130628,0.000227799061369563,6304.70929437089,"H2O","case","S6.45"
"170","S1L2","E01","Result_96_2020-01-13_mitacs_control",4.39695184706884,0.000195805486577219,22545.5396507712,"ETOH","case","S6.45"
"171","S1L2","E08","Result_96_2020-01-13_mitacs_control",4.16520259119991,0.00018725635567475,14108.3437024856,"DMSO","case","S6.45"
"172","S1L2","G02","Result_96_2020-01-13_mitacs_control",3.877744249949,0.000242140073759856,7237.80776394115,"H2O","case","S6.45"
"173","S1L2","C10","Result_96_2020-01-13_mitacs_control",3.94351951759924,0.000213022589126169,6406.11212393766,"H2O","case","S6.45"
"174","S1L2","B05","Result_96_2020-01-13_mitacs_control",4.11290175357036,0.00016286281848044,12113.0835181013,"DMSO","case","S6.45"
"175","S1L2","C04","Result_96_2020-01-13_mitacs_control",3.97323309043721,0.000214442318834231,6408.88028180838,"H2O","case","S6.45"
"176","S1L2","D01","Result_96_2020-01-13_mitacs_control",3.70193862221451,0.000205863276855142,17529.4831437628,"DMSO","case","S6.45"
"177","S1L2","H02","Result_96_2020-01-13_mitacs_control",3.9877633274811,0.000189813516496802,11238.2234132227,"DMSO","case","S6.45"
"178","S1L2","B09","Result_96_2020-01-13_mitacs_control",4.0351282234036,0.00016190406166014,12211.2897150433,"DMSO","case","S6.45"
"179","S1L2","C02","Result_96_2020-01-13_mitacs_control",3.97830492890068,0.000226599253321236,6371.9186080035,"H2O","case","S6.45"
"180","S1L2","F02","Result_96_2020-01-13_mitacs_control",4.09334419893035,0.000173122153677872,11661.3977648389,"DMSO","case","S6.45"
"181","S1L2","E12","Result_96_2020-01-13_mitacs_control",3.42090609736798,0.000302807762810047,17798.0566141471,"H2O","case","S6.45"
"182","S1L2","G11","Result_96_2020-01-13_mitacs_control",3.97995405779824,0.000169397635255483,13121.0631733542,"DMSO","case","S6.45"
"183","S1L2","F05","Result_96_2020-01-13_mitacs_control",3.78061006682508,0.000226572459361119,7095.01876770082,"H2O","case","S6.45"
"184","S1L2","H10","Result_96_2020-01-13_mitacs_control",3.99120688154199,0.000157148951112271,11177.093056624,"DMSO","case","S6.45"
"185","S1L2","D10","Result_96_2020-01-13_mitacs_control",3.96510520955381,0.000210606149901358,6953.51782279033,"H2O","case","S6.45"
"186","S1L2","C06","Result_96_2020-01-13_mitacs_control",4.05414868688419,0.000178328959831529,6702.8250203422,"H2O","case","S6.45"
"187","S1L2","E09","Result_96_2020-01-13_mitacs_control",4.01765201836204,0.000210472436899582,7040.68572521214,"H2O","case","S6.45"
"188","S1L2","G12","Result_96_2020-01-13_mitacs_control",4.19232754849446,0.000300498438238693,17104.62852131,"H2O","case","S6.45"
"189","S1L2","A03","Result_96_2020-01-13_mitacs_control",3.87398685314786,0.00026706996858528,5568.15323290169,"H2O","case","S6.45"
"190","S1L2","F06","Result_96_2020-01-13_mitacs_control",3.92840368822997,0.00024280973457512,7426.19090152894,"H2O","case","S6.45"
"191","S1L2","H04","Result_96_2020-01-13_mitacs_control",3.93734439215023,0.000184800220993317,8560.7988484665,"DMSO","case","S6.45"
"192","S1L2","B02","Result_96_2020-01-13_mitacs_control",3.98667862150217,0.000220699161823067,6218.30134926811,"H2O","case","S6.45"
"193","S2L1","G11","Result_96_2020-01-13_mitacs_control",3.26382514032379,0.00013048496826609,15919.8139633191,"DMSO","case","S6.113"
"194","S2L1","E07","Result_96_2020-01-13_mitacs_control",3.47393118833241,0.000279433712401504,23598.6937442615,"ETOH","case","S6.113"
"195","S2L1","H06","Result_96_2020-01-13_mitacs_control",3.36737106564853,0.000197163910311235,17552.2384677154,"H2O","case","S6.113"
"196","S2L1","C04","Result_96_2020-01-13_mitacs_control",3.44273357296136,0.000143688119308999,15586.2035210506,"H2O","case","S6.113"
"197","S2L1","B10","Result_96_2020-01-13_mitacs_control",3.33913738491959,0.000135365436041358,14767.0760190193,"H2O","case","S6.113"
"198","S2L1","F03","Result_96_2020-01-13_mitacs_control",3.30987948780601,0.00013299773605104,16919.5821717967,"DMSO","case","S6.113"
"199","S2L1","H01","Result_96_2020-01-13_mitacs_control",3.09173741376522,0.00013447541250103,18891.8427315385,"DMSO","case","S6.113"
"200","S2L1","B04","Result_96_2020-01-13_mitacs_control",3.79730125739368,0.000153701211121001,15353.2338487319,"H2O","case","S6.113"
"201","S2L1","C06","Result_96_2020-01-13_mitacs_control",3.40417650664708,0.00015759072967619,15365.736267918,"H2O","case","S6.113"
"202","S2L1","H04","Result_96_2020-01-13_mitacs_control",3.21386720520885,0.00013720934048275,17849.766215194,"DMSO","case","S6.113"
"203","S2L1","B11","Result_96_2020-01-13_mitacs_control",3.25788404047601,0.000160526454144782,19196.0583636631,"DMSO","case","S6.113"
"204","S2L1","D11","Result_96_2020-01-13_mitacs_control",3.40032500138013,0.000171439879852293,16990.9811807635,"H2O","case","S6.113"
"205","S2L1","D02","Result_96_2020-01-13_mitacs_control",3.42672428489897,0.000146990345184704,16628.2296483902,"DMSO","case","S6.113"
"206","S2L1","B09","Result_96_2020-01-13_mitacs_control",3.27637594307296,0.000143833636900733,17993.0758444305,"DMSO","case","S6.113"
"207","S2L1","C05","Result_96_2020-01-13_mitacs_control",3.43980281188836,0.000173349635101169,17095.6279273924,"H2O","case","S6.113"
"208","S2L1","B02","Result_96_2020-01-13_mitacs_control",3.55332683523248,0.000128599425184163,13922.9776640001,"H2O","case","S6.113"
"209","S2L1","C08","Result_96_2020-01-13_mitacs_control",3.39701522908181,0.000180921754029305,16229.5792598497,"H2O","case","S6.113"
"210","S2L1","C12","Result_96_2020-01-13_mitacs_control",3.45403163089471,0.000194672052901997,17425.7240418371,"H2O","case","S6.113"
"211","S2L1","A12","Result_96_2020-01-13_mitacs_control",3.46669961910134,0.000158129547213056,16814.6960169615,"H2O","case","S6.113"
"212","S2L1","H03","Result_96_2020-01-13_mitacs_control",3.37393889346391,0.000122288684186876,13726.9197824978,"H2O","case","S6.113"
"213","S2L1","F05","Result_96_2020-01-13_mitacs_control",3.37381483655233,0.000173277827272173,16361.7903895577,"H2O","case","S6.113"
"214","S2L1","F06","Result_96_2020-01-13_mitacs_control",3.41750575486959,0.000181493513434443,15701.0148541365,"H2O","case","S6.113"
"215","S2L1","H08","Result_96_2020-01-13_mitacs_control",3.24696603720614,0.000137685654239804,17612.9999698131,"DMSO","case","S6.113"
"216","S2L1","A02","Result_96_2020-01-13_mitacs_control",3.58321906239311,0.000126854252779096,14656.7753302021,"H2O","case","S6.113"
"217","S2L1","G04","Result_96_2020-01-13_mitacs_control",3.4307915705934,0.000154921363835037,15565.8505889493,"H2O","case","S6.113"
"218","S2L1","E12","Result_96_2020-01-13_mitacs_control",3.50250034052918,0.000200017476885284,17678.9370547378,"H2O","case","S6.113"
"219","S2L1","F01","Result_96_2020-01-13_mitacs_control",3.28421004038473,0.000137784325187373,18054.3316888049,"DMSO","case","S6.113"
"220","S2L1","H11","Result_96_2020-01-13_mitacs_control",3.38466385023533,0.000139047352130843,15530.6121625779,"H2O","case","S6.113"
"221","S2L1","B03","Result_96_2020-01-13_mitacs_control",3.4453735776498,0.000136136563857082,17910.1262734505,"DMSO","case","S6.113"
"222","S2L1","A01","Result_96_2020-01-13_mitacs_control",3.48324807763828,0.000128711753309335,15097.0403313817,"H2O","H2O","S6.113"
"223","S2L1","A04","Result_96_2020-01-13_mitacs_control",4.03102689562062,0.000172050095531036,16294.4483763219,"H2O","case","S6.113"
"224","S2L1","C09","Result_96_2020-01-13_mitacs_control",3.34103691783507,0.000175647587793175,16367.006715794,"H2O","case","S6.113"
"225","S2L1","C07","Result_96_2020-01-13_mitacs_control",3.43405693113344,0.000197718335208072,28301.6373277029,"ETOH","ETOH","S6.113"
"226","S2L1","B01","Result_96_2020-01-13_mitacs_control",3.24421878378963,0.000137589483319837,18950.6333091474,"DMSO","DMSO","S6.113"
"227","S2L1","D06","Result_96_2020-01-13_mitacs_control",3.37595397656987,0.000211986825244267,16619.0618323674,"H2O","case","S6.113"
"228","S2L1","E08","Result_96_2020-01-13_mitacs_control",3.36729339909628,0.000220733559238811,20301.1060041791,"DMSO","case","S6.113"
"229","S2L1","B06","Result_96_2020-01-13_mitacs_control",3.44875811712284,0.000142565611725268,14310.9330641011,"H2O","case","S6.113"
"230","S2L1","E10","Result_96_2020-01-13_mitacs_control",3.46488604872941,0.000218463912236254,17985.0392759596,"H2O","case","S6.113"
"231","S2L1","A07","Result_96_2020-01-13_mitacs_control",3.25779775746765,0.000244206990416311,18000.9902367692,"H2O","H2O","S6.113"
"232","S2L1","E11","Result_96_2020-01-13_mitacs_control",3.383482765404,0.000184231601162878,17357.3746496293,"H2O","case","S6.113"
"233","S2L1","D07","Result_96_2020-01-13_mitacs_control",3.33744109425869,0.000186061580878705,19501.1348044195,"DMSO","case","S6.113"
"234","S2L1","F04","Result_96_2020-01-13_mitacs_control",3.44159832554998,0.000170971883616092,16034.4964115439,"H2O","case","S6.113"
"235","S2L1","E09","Result_96_2020-01-13_mitacs_control",3.40867359376398,0.000197911340575913,16486.1584238453,"H2O","case","S6.113"
"236","S2L1","A06","Result_96_2020-01-13_mitacs_control",3.32604420335959,0.000131309591872625,14446.3078370547,"H2O","case","S6.113"
"237","S2L1","B12","Result_96_2020-01-13_mitacs_control",3.37109415169125,0.000146858318302434,16356.8585015914,"H2O","case","S6.113"
"238","S2L1","H05","Result_96_2020-01-13_mitacs_control",3.34010084093462,0.000180263413170883,17104.1484752472,"H2O","case","S6.113"
"239","S2L1","A08","Result_96_2020-01-13_mitacs_control",3.19068356160911,0.000209889136579972,16797.2413638358,"H2O","case","S6.113"
"240","S2L1","G08","Result_96_2020-01-13_mitacs_control",3.42488528523519,0.000174665981245333,15602.4718547641,"H2O","case","S6.113"
"241","S2L1","H10","Result_96_2020-01-13_mitacs_control",3.17640903501251,0.000143022113593431,17403.8646076099,"DMSO","case","S6.113"
"242","S2L1","F07","Result_96_2020-01-13_mitacs_control",3.2831974451535,0.000156250484080344,17873.8507241866,"DMSO","case","S6.113"
"243","S2L1","H02","Result_96_2020-01-13_mitacs_control",3.3080272780711,0.000130810856416602,17051.6570303121,"DMSO","case","S6.113"
"244","S2L1","B08","Result_96_2020-01-13_mitacs_control",3.40636519726439,0.000158234439766212,15680.8838131188,"H2O","case","S6.113"
"245","S2L1","D05","Result_96_2020-01-13_mitacs_control",3.37926126995331,0.000201971951028102,16802.5540502286,"H2O","case","S6.113"
"246","S2L1","B07","Result_96_2020-01-13_mitacs_control",3.22954898412873,0.000140228049223572,18061.6503545073,"DMSO","DMSO","S6.113"
"247","S2L1","A11","Result_96_2020-01-13_mitacs_control",3.45088988237149,0.000169497594776332,17194.2211775933,"H2O","case","S6.113"
"248","S2L1","C02","Result_96_2020-01-13_mitacs_control",3.58329174773664,0.000163668610541144,17133.6002659354,"H2O","case","S6.113"
"249","S2L1","E05","Result_96_2020-01-13_mitacs_control",3.33723534767521,0.000182501425251644,16572.4546341423,"H2O","case","S6.113"
"250","S2L1","F02","Result_96_2020-01-13_mitacs_control",3.33765244718038,0.000137543687804653,17069.9137237189,"DMSO","case","S6.113"
"251","S2L1","H12","Result_96_2020-01-13_mitacs_control",3.35706990100762,0.000150365780956231,16307.9577476012,"H2O","case","S6.113"
"252","S2L1","F11","Result_96_2020-01-13_mitacs_control",3.3838226286133,0.000194083834657148,17579.4117255066,"H2O","case","S6.113"
"253","S2L1","D04","Result_96_2020-01-13_mitacs_control",3.50714296735427,0.000154069726885445,15222.4426957724,"H2O","case","S6.113"
"254","S2L1","A09","Result_96_2020-01-13_mitacs_control",3.29155444584384,0.000141684266176862,15287.7086941449,"H2O","case","S6.113"
"255","S2L1","D12","Result_96_2020-01-13_mitacs_control",3.53397857200235,0.000144499912026437,15195.3247353842,"H2O","case","S6.113"
"256","S2L1","F08","Result_96_2020-01-13_mitacs_control",3.20994685642133,0.000153342159908752,17913.343992277,"DMSO","case","S6.113"
"257","S2L1","G10","Result_96_2020-01-13_mitacs_control",3.39040783277013,0.000153023059149932,14749.2490677491,"H2O","case","S6.113"
"258","S2L1","E06","Result_96_2020-01-13_mitacs_control",3.45387922548151,0.000184193358145413,16230.5936487476,"H2O","case","S6.113"
"259","S2L1","D03","Result_96_2020-01-13_mitacs_control",3.58752531423834,0.00032165712383181,34366.4939064381,"ETOH","case","S6.113"
"260","S2L1","E01","Result_96_2020-01-13_mitacs_control",3.59153515464464,0.000312698600700578,34528.2953745158,"ETOH","case","S6.113"
"261","S2L1","F09","Result_96_2020-01-13_mitacs_control",3.34182765232507,0.000138538670312933,15821.8775139639,"DMSO","case","S6.113"
"262","S2L1","G03","Result_96_2020-01-13_mitacs_control",3.43405693113344,0.000147116437169551,15361.3567819899,"H2O","case","S6.113"
"263","S2L1","G01","Result_96_2020-01-13_mitacs_control",3.48085796891185,0.000225330260340313,32148.0382858012,"ETOH","case","S6.113"
"264","S2L1","C01","Result_96_2020-01-13_mitacs_control",3.71391035793854,0.000281933551854152,33272.7440915384,"ETOH","ETOH","S6.113"
"265","S2L1","A10","Result_96_2020-01-13_mitacs_control",3.15859191063473,0.000194646455476325,17508.1234956334,"H2O","case","S6.113"
"266","S2L1","C11","Result_96_2020-01-13_mitacs_control",3.43770932559277,0.000182761944737207,17637.009069272,"H2O","case","S6.113"
"267","S2L1","A03","Result_96_2020-01-13_mitacs_control",3.99738405179299,0.000129224754945385,13520.0777413366,"H2O","case","S6.113"
"268","S2L1","E03","Result_96_2020-01-13_mitacs_control",3.47753342501261,0.000152302642157878,15625.8537227337,"H2O","case","S6.113"
"269","S2L1","B05","Result_96_2020-01-13_mitacs_control",3.39325820862292,0.000130563408041246,16755.4062735604,"DMSO","case","S6.113"
"270","S2L1","H07","Result_96_2020-01-13_mitacs_control",3.10781897646859,0.000146968009266315,18189.0819167783,"DMSO","case","S6.113"
"271","S2L1","E04","Result_96_2020-01-13_mitacs_control",3.45054252680103,0.000171178001001401,16439.4259911373,"H2O","case","S6.113"
"272","S2L1","G07","Result_96_2020-01-13_mitacs_control",3.56942794254363,0.000210542425076847,23634.4551764849,"ETOH","case","S6.113"
"273","S2L1","C03","Result_96_2020-01-13_mitacs_control",3.50361654564551,0.000136729152961928,14590.9786507681,"H2O","case","S6.113"
"274","S2L1","G06","Result_96_2020-01-13_mitacs_control",3.40525647848626,0.000189040076715365,16972.0715700645,"H2O","case","S6.113"
"275","S2L1","G12","Result_96_2020-01-13_mitacs_control",3.22517486200777,0.00016534514124655,16286.183049152,"H2O","case","S6.113"
"276","S2L1","G05","Result_96_2020-01-13_mitacs_control",3.14974711950468,0.000139009700289514,18232.9404980612,"DMSO","case","S6.113"
"277","S2L1","D10","Result_96_2020-01-13_mitacs_control",3.35426407700705,0.000200192897813533,17908.6136341107,"H2O","case","S6.113"
"278","S2L1","A05","Result_96_2020-01-13_mitacs_control",3.86732351122862,0.000152743497255343,16622.7269514979,"H2O","case","S6.113"
"279","S2L1","C10","Result_96_2020-01-13_mitacs_control",3.35198532874354,0.000183729327124887,16987.9344272265,"H2O","case","S6.113"
"280","S2L1","G02","Result_96_2020-01-13_mitacs_control",3.35340632636053,0.000236385166404638,20809.9634379914,"H2O","case","S6.113"
"281","S2L1","D01","Result_96_2020-01-13_mitacs_control",3.5746205564997,0.000152630996549142,16324.6592482508,"DMSO","case","S6.113"
"282","S2L1","D08","Result_96_2020-01-13_mitacs_control",3.33765244718038,0.000181476306748627,17972.0599646046,"DMSO","case","S6.113"
"283","S2L1","H09","Result_96_2020-01-13_mitacs_control",3.3932331289605,0.000149057351207419,15505.092548057,"H2O","case","S6.113"
"284","S2L1","F12","Result_96_2020-01-13_mitacs_control",3.39803107397315,0.000163635084811417,16209.4873973339,"H2O","case","S6.113"
"285","S2L1","G09","Result_96_2020-01-13_mitacs_control",3.39612903672878,0.000182298114131975,16136.5366418527,"H2O","case","S6.113"
"286","S2L1","E02","Result_96_2020-01-13_mitacs_control",3.24597924165406,0.00013498239600914,17461.1977862114,"DMSO","case","S6.113"
"287","S2L1","F10","Result_96_2020-01-13_mitacs_control",3.36419382186437,0.000175862493761256,16639.2088491433,"H2O","case","S6.113"
"288","S2L1","D09","Result_96_2020-01-13_mitacs_control",3.41936130533261,0.000217601220831525,29420.6634873794,"ETOH","case","S6.113"
"289","S2L2","F12","Result_96_2020-01-13_mitacs_control",3.62611460738746,0.00020603361427597,3904.09305136402,"H2O","case","U5.05"
"290","S2L2","E04","Result_96_2020-01-13_mitacs_control",3.71881824745595,0.00023468164633039,1742.36551381884,"H2O","case","U5.05"
"291","S2L2","G05","Result_96_2020-01-13_mitacs_control",3.62555873693352,8.13104431011888e-05,23254.1894955639,"DMSO","case","U5.05"
"292","S2L2","C06","Result_96_2020-01-13_mitacs_control",3.86489136995513,0.000148629643260203,18730.1892810025,"H2O","case","U5.05"
"293","S2L2","C01","Result_96_2020-01-13_mitacs_control",3.82597060022495,0.000261446404340814,25104.3466032491,"ETOH","ETOH","U5.05"
"294","S2L2","B04","Result_96_2020-01-13_mitacs_control",3.82510719103522,0.000129716776603267,8248.66617437074,"H2O","case","U5.05"
"295","S2L2","E02","Result_96_2020-01-13_mitacs_control",2.90313846074741,8.05385128214334e-05,19452.1043166455,"DMSO","case","U5.05"
"296","S2L2","D07","Result_96_2020-01-13_mitacs_control",3.71980504300802,0.000107724821077591,19778.4244460411,"DMSO","case","U5.05"
"297","S2L2","H08","Result_96_2020-01-13_mitacs_control",3.70978766687797,8.09338333601891e-05,11275.6635853335,"DMSO","case","U5.05"
"298","S2L2","B11","Result_96_2020-01-13_mitacs_control",3.76128527336162,0.000107637684629182,13476.1804222608,"DMSO","case","U5.05"
"299","S2L2","A11","Result_96_2020-01-13_mitacs_control",3.58829821328441,0.000184461521653885,3770.49973954412,"H2O","case","U5.05"
"300","S2L2","D06","Result_96_2020-01-13_mitacs_control",3.89917909729569,0.000116228854852153,15840.8487561179,"H2O","case","U5.05"
"301","S2L2","H01","Result_96_2020-01-13_mitacs_control",2.93608823617981,7.34408890751345e-05,20789.0304764722,"DMSO","case","U5.05"
"302","S2L2","D02","Result_96_2020-01-13_mitacs_control",3.09085343045111,9.5383695278398e-05,33668.0472246611,"DMSO","case","U5.05"
"303","S2L2","G06","Result_96_2020-01-13_mitacs_control",4.01390255651114,0.000170326363985967,18085.7581625113,"H2O","case","U5.05"
"304","S2L2","A09","Result_96_2020-01-13_mitacs_control",3.24300642694337,0.00019834238314878,3198.4936753864,"H2O","case","U5.05"
"305","S2L2","G11","Result_96_2020-01-13_mitacs_control",3.76872815655099,0.000111888775071868,9644.18876926055,"DMSO","case","U5.05"
"306","S2L2","D11","Result_96_2020-01-13_mitacs_control",4.11965179496109,0.000129702849706011,16752.8506609748,"H2O","case","U5.05"
"307","S2L2","A07","Result_96_2020-01-13_mitacs_control",3.6914134423518,0.000150838488053206,4361.26477843269,"H2O","H2O","U5.05"
"308","S2L2","D10","Result_96_2020-01-13_mitacs_control",3.26918663281539,0.000130969967146831,17248.7438318642,"H2O","case","U5.05"
"309","S2L2","C07","Result_96_2020-01-13_mitacs_control",3.84773999353835,0.000168816685099475,23022.1251290894,"ETOH","ETOH","U5.05"
"310","S2L2","C03","Result_96_2020-01-13_mitacs_control",3.85474697664513,0.00012185251131328,12523.384765914,"H2O","case","U5.05"
"311","S2L2","C05","Result_96_2020-01-13_mitacs_control",3.90194985433825,0.000134067345632075,16918.6755612623,"H2O","case","U5.05"
"312","S2L2","E08","Result_96_2020-01-13_mitacs_control",2.95664363080562,0.000136089989257802,27184.9833832511,"DMSO","case","U5.05"
"313","S2L2","D09","Result_96_2020-01-13_mitacs_control",3.93570786802963,0.000243653571179126,23516.4640436763,"ETOH","case","U5.05"
"314","S2L2","B02","Result_96_2020-01-13_mitacs_control",4.06580205839575,0.00012854537418084,16828.9456943023,"H2O","case","U5.05"
"315","S2L2","H06","Result_96_2020-01-13_mitacs_control",3.67985044863876,8.17509392509755e-05,6412.53735548461,"H2O","case","U5.05"
"316","S2L2","C02","Result_96_2020-01-13_mitacs_control",3.93775155931328,0.000125629919179148,14042.4954194687,"H2O","case","U5.05"
"317","S2L2","F02","Result_96_2020-01-13_mitacs_control",3.70343597060101,9.40809438679349e-05,23019.0537229053,"DMSO","case","U5.05"
"318","S2L2","D08","Result_96_2020-01-13_mitacs_control",3.72006852489003,0.000103755951546246,16469.8974713838,"DMSO","case","U5.05"
"319","S2L2","B03","Result_96_2020-01-13_mitacs_control",3.71076052381881,8.18004247228357e-05,12667.4469240609,"DMSO","case","U5.05"
"320","S2L2","F11","Result_96_2020-01-13_mitacs_control",3.83861567026064,0.000140644090235647,9234.16254803494,"H2O","case","U5.05"
"321","S2L2","E06","Result_96_2020-01-13_mitacs_control",3.0432120668213,0.00022956715432235,21017.2376618648,"H2O","case","U5.05"
"322","S2L2","B08","Result_96_2020-01-13_mitacs_control",3.88264304936184,0.000130792416601245,13398.0133851951,"H2O","case","U5.05"
"323","S2L2","F03","Result_96_2020-01-13_mitacs_control",3.65444760104244,0.000145641435077913,3726.93022693916,"DMSO","case","U5.05"
"324","S2L2","F10","Result_96_2020-01-13_mitacs_control",3.91337462917872,0.000136214321359253,14066.9664633071,"H2O","case","U5.05"
"325","S2L2","H12","Result_96_2020-01-13_mitacs_control",3.98852468066754,0.000103813413726678,3493.68934847609,"H2O","case","U5.05"
"326","S2L2","A01","Result_96_2020-01-13_mitacs_control",2.99530830467528,0.000164513523029686,21193.743411053,"H2O","H2O","U5.05"
"327","S2L2","E07","Result_96_2020-01-13_mitacs_control",2.9976251928121,0.000245598845064292,23388.1937080092,"ETOH","case","U5.05"
"328","S2L2","A08","Result_96_2020-01-13_mitacs_control",3.51753457320087,0.000180763602003511,3282.91615228915,"H2O","case","U5.05"
"329","S2L2","C04","Result_96_2020-01-13_mitacs_control",3.85733477113429,0.000155901715835753,16713.4296322537,"H2O","case","U5.05"
"330","S2L2","H05","Result_96_2020-01-13_mitacs_control",3.94565353060766,0.000143114287885872,16656.2894493443,"H2O","case","U5.05"
"331","S2L2","B07","Result_96_2020-01-13_mitacs_control",3.64233676357752,9.02366244448415e-05,14892.342465891,"DMSO","DMSO","U5.05"
"332","S2L2","B06","Result_96_2020-01-13_mitacs_control",3.98868468677217,0.000151097113609428,17007.7154655212,"H2O","case","U5.05"
"333","S2L2","E12","Result_96_2020-01-13_mitacs_control",3.91869989789815,0.000128094249854696,8397.09069377512,"H2O","case","U5.05"
"334","S2L2","E03","Result_96_2020-01-13_mitacs_control",3.11268098139789,0.000120465369371963,15621.7811427442,"H2O","case","U5.05"
"335","S2L2","E01","Result_96_2020-01-13_mitacs_control",2.94092076724598,0.00026389169390684,22812.9006697288,"ETOH","case","U5.05"
"336","S2L2","F05","Result_96_2020-01-13_mitacs_control",4.04122266272651,0.000155833976025587,20218.788550716,"H2O","case","U5.05"
"337","S2L2","C12","Result_96_2020-01-13_mitacs_control",3.88297797566419,0.000173123629988783,4297.73253046484,"H2O","case","U5.05"
"338","S2L2","C10","Result_96_2020-01-13_mitacs_control",3.94588472722438,0.000148669299572079,18095.0834381442,"H2O","case","U5.05"
"339","S2L2","F01","Result_96_2020-01-13_mitacs_control",3.57440430902258,7.53497624340025e-05,19684.5450672983,"DMSO","case","U5.05"
"340","S2L2","C08","Result_96_2020-01-13_mitacs_control",3.88702528978323,0.000152595704422491,18334.2233659867,"H2O","case","U5.05"
"341","S2L2","G01","Result_96_2020-01-13_mitacs_control",3.88508933190072,0.000277289022171848,24798.8241526928,"ETOH","case","U5.05"
"342","S2L2","B05","Result_96_2020-01-13_mitacs_control",3.66660096974551,8.67207914254734e-05,14529.3812379756,"DMSO","case","U5.05"
"343","S2L2","E09","Result_96_2020-01-13_mitacs_control",3.01742707175818,0.000210264499236844,20614.00272631,"H2O","case","U5.05"
"344","S2L2","D12","Result_96_2020-01-13_mitacs_control",3.7874553646199,0.000197763967592203,3875.21768078008,"H2O","case","U5.05"
"345","S2L2","B10","Result_96_2020-01-13_mitacs_control",3.78240856492737,0.000127221215483986,9563.34648741063,"H2O","case","U5.05"
"346","S2L2","G10","Result_96_2020-01-13_mitacs_control",4.02236781302845,0.000190902662185197,20599.6631400454,"H2O","case","U5.05"
"347","S2L2","E05","Result_96_2020-01-13_mitacs_control",2.98283944884182,0.000187189291303508,19817.5069386621,"H2O","case","U5.05"
"348","S2L2","A06","Result_96_2020-01-13_mitacs_control",3.78607099362042,0.000160248277433112,3670.51229955843,"H2O","case","U5.05"
"349","S2L2","H03","Result_96_2020-01-13_mitacs_control",3.96789598188441,0.000134991817179048,4457.81217830357,"H2O","case","U5.05"
"350","S2L2","G09","Result_96_2020-01-13_mitacs_control",3.88778177266081,0.000115120438579113,13280.2223791741,"H2O","case","U5.05"
"351","S2L2","F07","Result_96_2020-01-13_mitacs_control",3.70791871384789,0.000124198196468199,24512.7160234334,"DMSO","case","U5.05"
"352","S2L2","H11","Result_96_2020-01-13_mitacs_control",3.9028775331019,9.97050357282825e-05,12876.322579321,"H2O","case","U5.05"
"353","S2L2","H04","Result_96_2020-01-13_mitacs_control",3.67166059504615,0.000102733788770594,25856.3753368263,"DMSO","case","U5.05"
"354","S2L2","D05","Result_96_2020-01-13_mitacs_control",4.01495034146597,0.000126808967980612,16364.5313030762,"H2O","case","U5.05"
"355","S2L2","H09","Result_96_2020-01-13_mitacs_control",3.70044481688057,0.00021831231532519,4400.14516401004,"H2O","case","U5.05"
"356","S2L2","F06","Result_96_2020-01-13_mitacs_control",3.97884755925221,0.000158766843031894,18119.9113758883,"H2O","case","U5.05"
"357","S2L2","A04","Result_96_2020-01-13_mitacs_control",3.04139662183117,0.000196101966329254,2812.6617191448,"H2O","case","U5.05"
"358","S2L2","H07","Result_96_2020-01-13_mitacs_control",3.73335434061383,7.90287844835992e-05,17106.6282668443,"DMSO","case","U5.05"
"359","S2L2","E10","Result_96_2020-01-13_mitacs_control",3.00493229554223,0.000179669779747714,20169.9189615295,"H2O","case","U5.05"
"360","S2L2","G08","Result_96_2020-01-13_mitacs_control",4.02729169166774,0.000165330561014204,19288.8313145532,"H2O","case","U5.05"
"361","S2L2","D04","Result_96_2020-01-13_mitacs_control",3.89514538793542,0.000140380986378327,16731.0288465743,"H2O","case","U5.05"
"362","S2L2","A02","Result_96_2020-01-13_mitacs_control",2.99752751432048,0.000118114463272124,16412.7197027481,"H2O","case","U5.05"
"363","S2L2","G02","Result_96_2020-01-13_mitacs_control",4.04500973491757,0.000106144101077593,15115.7014862042,"H2O","case","U5.05"
"364","S2L2","F04","Result_96_2020-01-13_mitacs_control",3.96172343202282,0.000130564362046576,17566.7001937865,"H2O","case","U5.05"
"365","S2L2","C09","Result_96_2020-01-13_mitacs_control",3.97294098777558,0.000136934863622706,14558.703089896,"H2O","case","U5.05"
"366","S2L2","F08","Result_96_2020-01-13_mitacs_control",3.60486205815886,0.000112712333122829,25342.9315739541,"DMSO","case","U5.05"
"367","S2L2","D03","Result_96_2020-01-13_mitacs_control",3.95481669097734,0.000219962471203047,21947.6862766241,"ETOH","case","U5.05"
"368","S2L2","B01","Result_96_2020-01-13_mitacs_control",3.51063738996752,6.91940580992265e-05,15713.1906724014,"DMSO","DMSO","U5.05"
"369","S2L2","A03","Result_96_2020-01-13_mitacs_control",2.96396078110242,0.000223723556391138,3116.98922805626,"H2O","case","U5.05"
"370","S2L2","C11","Result_96_2020-01-13_mitacs_control",3.92840368822997,0.000124364456584009,10198.3492035363,"H2O","case","U5.05"
"371","S2L2","H02","Result_96_2020-01-13_mitacs_control",3.74108170263844,7.8890099342384e-05,20201.7281647622,"DMSO","case","U5.05"
"372","S2L2","F09","Result_96_2020-01-13_mitacs_control",3.53542303991984,9.66301844639633e-05,30281.813666738,"DMSO","case","U5.05"
"373","S2L2","A05","Result_96_2020-01-13_mitacs_control",3.55969574211073,0.0002063200140063,3319.47406662314,"H2O","case","U5.05"
"374","S2L2","E11","Result_96_2020-01-13_mitacs_control",4.02935988668677,0.000107717287787981,16196.9468164581,"H2O","case","U5.05"
"375","S2L2","H10","Result_96_2020-01-13_mitacs_control",3.74446013071313,8.58083520821677e-05,13749.7829539996,"DMSO","case","U5.05"
"376","S2L2","B09","Result_96_2020-01-13_mitacs_control",3.66296501272243,9.52889582613812e-05,14891.5666470936,"DMSO","case","U5.05"
"377","S2L2","G04","Result_96_2020-01-13_mitacs_control",4,0.000122633533264138,15910.8308529939,"H2O","case","U5.05"
"378","S2L2","G03","Result_96_2020-01-13_mitacs_control",3.98994633533608,0.000119695788278228,13073.7069830779,"H2O","case","U5.05"
"379","S2L2","G12","Result_96_2020-01-13_mitacs_control",3.82140269654324,0.000157285251890481,5101.49126722112,"H2O","case","U5.05"
"380","S2L2","B12","Result_96_2020-01-13_mitacs_control",3.85320272471453,0.000160530592785196,18439.757805651,"H2O","case","U5.05"
"381","S2L2","G07","Result_96_2020-01-13_mitacs_control",3.90948770709456,0.00025001148756136,24992.5517813962,"ETOH","case","U5.05"
"382","S2L2","D01","Result_96_2020-01-13_mitacs_control",2.90567261745185,7.20142240340723e-05,17113.1886864977,"DMSO","case","U5.05"
"383","S2L2","A10","Result_96_2020-01-13_mitacs_control",3.47195353889197,0.000234961079899158,3386.60472893865,"H2O","case","U5.05"
"384","S2L2","A12","Result_96_2020-01-13_mitacs_control",3.68839209037656,0.000155721834572427,2953.55624949558,"H2O","case","U5.05"
"385","S3L1","A11","Result_96_2020-01-13_mitacs_control",3.83893756726748,0.000142241970524655,14349.2081326922,"H2O","case","WLP.644"
"386","S3L1","C01","Result_96_2020-01-13_mitacs_control",3.51131341033549,0.000155782043041767,10666.7749052829,"ETOH","ETOH","WLP.644"
"387","S3L1","H05","Result_96_2020-01-13_mitacs_control",3.80007959125443,0.000152251532108357,11015.7872963022,"H2O","case","WLP.644"
"388","S3L1","F09","Result_96_2020-01-13_mitacs_control",3.78689081949789,0.000176519517226117,11707.0353754205,"DMSO","case","WLP.644"
"389","S3L1","E01","Result_96_2020-01-13_mitacs_control",3.8877998344575,0.000147274423685272,10450.3289917286,"ETOH","case","WLP.644"
"390","S3L1","C03","Result_96_2020-01-13_mitacs_control",3.59010580399712,0.000158117556287903,10254.5615813769,"H2O","case","WLP.644"
"391","S3L1","E11","Result_96_2020-01-13_mitacs_control",3.32719661580354,0.000134080873456834,2008.60038274428,"H2O","case","WLP.644"
"392","S3L1","D08","Result_96_2020-01-13_mitacs_control",3.48542682717024,0.000158241408478188,10383.9518311022,"DMSO","case","WLP.644"
"393","S3L1","A03","Result_96_2020-01-13_mitacs_control",3.38747128103391,0.000145000222401745,13852.3972877163,"H2O","case","WLP.644"
"394","S3L1","B05","Result_96_2020-01-13_mitacs_control",3.79106983847011,0.000594941822509408,9581.52278749197,"DMSO","case","WLP.644"
"395","S3L1","B12","Result_96_2020-01-13_mitacs_control",4.01495034146597,0.000158272258766258,15133.744763555,"H2O","case","WLP.644"
"396","S3L1","E10","Result_96_2020-01-13_mitacs_control",3.87583465994037,0.000158393910161633,13870.3294886851,"H2O","case","WLP.644"
"397","S3L1","C02","Result_96_2020-01-13_mitacs_control",3.57490883605723,0.000148876703779203,10247.0325127995,"H2O","case","WLP.644"
"398","S3L1","C12","Result_96_2020-01-13_mitacs_control",3.50250635452932,0.000138351297694417,13558.7484266254,"H2O","case","WLP.644"
"399","S3L1","G04","Result_96_2020-01-13_mitacs_control",3.62339208721501,0.000144058926726379,11501.8324016245,"H2O","case","WLP.644"
"400","S3L1","C09","Result_96_2020-01-13_mitacs_control",3.60514038265879,0.000158968529913113,10801.326158823,"H2O","case","WLP.644"
"401","S3L1","B08","Result_96_2020-01-13_mitacs_control",3.44846050081629,0.000132913607178175,12868.8175839734,"H2O","case","WLP.644"
"402","S3L1","E03","Result_96_2020-01-13_mitacs_control",3.79569671687323,0.000162288196045633,10616.489272082,"H2O","case","WLP.644"
"403","S3L1","C11","Result_96_2020-01-13_mitacs_control",3.42390006798864,0.000175197438891755,13950.1441797589,"H2O","case","WLP.644"
"404","S3L1","B06","Result_96_2020-01-13_mitacs_control",3.85002825865284,0.000267568092824666,11674.1412263301,"H2O","case","WLP.644"
"405","S3L1","A08","Result_96_2020-01-13_mitacs_control",4.01975423434104,0.000143701972053729,10429.2940659645,"H2O","case","WLP.644"
"406","S3L1","D09","Result_96_2020-01-13_mitacs_control",3.51061515926108,0.000164420234657028,11143.8447502206,"ETOH","case","WLP.644"
"407","S3L1","C06","Result_96_2020-01-13_mitacs_control",3.42998784074482,0.000138515642508619,12554.9689059695,"H2O","case","WLP.644"
"408","S3L1","A10","Result_96_2020-01-13_mitacs_control",3.5385031896285,0.000554082895389103,9997.62557453222,"H2O","case","WLP.644"
"409","S3L1","G10","Result_96_2020-01-13_mitacs_control",3.59644506876845,0.000141967055260952,12582.5905130861,"H2O","case","WLP.644"
"410","S3L1","F04","Result_96_2020-01-13_mitacs_control",3.84460631735418,0.000155646423530956,10403.6913688063,"H2O","case","WLP.644"
"411","S3L1","A05","Result_96_2020-01-13_mitacs_control",3.68770060631041,0.000140996595450101,12797.9707879302,"H2O","case","WLP.644"
"412","S3L1","B10","Result_96_2020-01-13_mitacs_control",3.89763828237032,0.000151206069193938,10557.6632377177,"H2O","case","WLP.644"
"413","S3L1","F07","Result_96_2020-01-13_mitacs_control",3.74091277868287,0.000155892758830518,10494.4183046207,"DMSO","case","WLP.644"
"414","S3L1","G11","Result_96_2020-01-13_mitacs_control",3.90959734131974,0.000158232500673496,11474.3450742362,"DMSO","case","WLP.644"
"415","S3L1","B03","Result_96_2020-01-13_mitacs_control",3.67323334817626,0.000145980315860638,9946.07380264939,"DMSO","case","WLP.644"
"416","S3L1","H12","Result_96_2020-01-13_mitacs_control",3.8781588770652,0.000344311299810917,9971.43930442766,"H2O","case","WLP.644"
"417","S3L1","A12","Result_96_2020-01-13_mitacs_control",3.56264412129756,0.000140257528682363,14154.0173730943,"H2O","case","WLP.644"
"418","S3L1","E02","Result_96_2020-01-13_mitacs_control",3.81591693556103,0.0001555977824574,10504.9611056393,"DMSO","case","WLP.644"
"419","S3L1","B11","Result_96_2020-01-13_mitacs_control",3.82200169802201,0.000144506810603297,11170.4630860943,"DMSO","case","WLP.644"
"420","S3L1","F03","Result_96_2020-01-13_mitacs_control",3.89054260152103,0.000152012863537117,10243.9642987162,"DMSO","case","WLP.644"
"421","S3L1","A06","Result_96_2020-01-13_mitacs_control",3.34847524949892,0.000144282414236226,14233.4298404277,"H2O","case","WLP.644"
"422","S3L1","H03","Result_96_2020-01-13_mitacs_control",3.63161259401998,0.000145905318200836,10792.546227821,"H2O","case","WLP.644"
"423","S3L1","H11","Result_96_2020-01-13_mitacs_control",3.85659844107745,0.000150309068810787,11673.898303093,"H2O","case","WLP.644"
"424","S3L1","E09","Result_96_2020-01-13_mitacs_control",3.62449086490779,0.000156033833787718,10614.197322275,"H2O","case","WLP.644"
"425","S3L1","D02","Result_96_2020-01-13_mitacs_control",3.60650803100242,0.000165731229987457,10932.0629447154,"DMSO","case","WLP.644"
"426","S3L1","F11","Result_96_2020-01-13_mitacs_control",3.84513157286056,0.000148592884891286,10715.6724714695,"H2O","case","WLP.644"
"427","S3L1","C07","Result_96_2020-01-13_mitacs_control",3.5696417014374,0.000476924142267539,8734.1389964805,"ETOH","ETOH","WLP.644"
"428","S3L1","G12","Result_96_2020-01-13_mitacs_control",3.54260199899751,0.00013499018860343,13353.7327107212,"H2O","case","WLP.644"
"429","S3L1","G07","Result_96_2020-01-13_mitacs_control",3.88806672131686,0.000158243882034065,10648.2748024826,"ETOH","case","WLP.644"
"430","S3L1","D12","Result_96_2020-01-13_mitacs_control",3.53106949272595,0.000139355105003794,12850.6706224219,"H2O","case","WLP.644"
"431","S3L1","D03","Result_96_2020-01-13_mitacs_control",3.65760780255292,0.000152732874454863,10125.1314084799,"ETOH","case","WLP.644"
"432","S3L1","E04","Result_96_2020-01-13_mitacs_control",3.97184978438233,0.000219727516179284,16757.4298770319,"H2O","case","WLP.644"
"433","S3L1","F02","Result_96_2020-01-13_mitacs_control",3.8717341501949,0.000149956495046535,10417.3992188889,"DMSO","case","WLP.644"
"434","S3L1","G03","Result_96_2020-01-13_mitacs_control",3.89328016408987,0.000147831427847338,10185.0460094105,"H2O","case","WLP.644"
"435","S3L1","A01","Result_96_2020-01-13_mitacs_control",3.41568141584427,0.000154695928919853,11934.149717525,"H2O","H2O","WLP.644"
"436","S3L1","B07","Result_96_2020-01-13_mitacs_control",3.62058641045188,0.000557072755751934,9453.74557624804,"DMSO","DMSO","WLP.644"
"437","S3L1","G06","Result_96_2020-01-13_mitacs_control",3.63742992061529,0.000139395444579655,11861.6406548439,"H2O","case","WLP.644"
"438","S3L1","E12","Result_96_2020-01-13_mitacs_control",3.81147103052984,0.000144585444813398,14028.1438009116,"H2O","case","WLP.644"
"439","S3L1","G08","Result_96_2020-01-13_mitacs_control",3.59991284218713,0.000138087241536741,12708.950925827,"H2O","case","WLP.644"
"440","S3L1","B01","Result_96_2020-01-13_mitacs_control",3.54895754726566,0.000156511493384953,10847.8920660621,"DMSO","DMSO","WLP.644"
"441","S3L1","C10","Result_96_2020-01-13_mitacs_control",3.4023583652081,0.000134779342060244,13696.7515856772,"H2O","case","WLP.644"
"442","S3L1","H04","Result_96_2020-01-13_mitacs_control",3.68472393047954,0.000159689169574266,11081.9776869677,"DMSO","case","WLP.644"
"443","S3L1","D07","Result_96_2020-01-13_mitacs_control",3.57490883605723,0.000167378110009132,10759.6429333812,"DMSO","case","WLP.644"
"444","S3L1","B09","Result_96_2020-01-13_mitacs_control",3.93949526104045,0.000542500106559484,9923.77025604269,"DMSO","case","WLP.644"
"445","S3L1","B02","Result_96_2020-01-13_mitacs_control",3.61753036317759,0.000369709043193605,1502.14062722717,"H2O","case","WLP.644"
"446","S3L1","C08","Result_96_2020-01-13_mitacs_control",3.30146399232765,0.000145516944924251,11365.0155045536,"H2O","case","WLP.644"
"447","S3L1","H07","Result_96_2020-01-13_mitacs_control",3.82279997998504,0.000151799672046032,10890.3734616218,"DMSO","case","WLP.644"
"448","S3L1","E05","Result_96_2020-01-13_mitacs_control",3.63581887070931,0.000132052776097122,10892.0725612376,"H2O","case","WLP.644"
"449","S3L1","G05","Result_96_2020-01-13_mitacs_control",3.91355432588953,0.000169749968935271,10543.4053545337,"DMSO","case","WLP.644"
"450","S3L1","G01","Result_96_2020-01-13_mitacs_control",3.39040783277013,0.000161335528466062,11947.227797879,"ETOH","case","WLP.644"
"451","S3L1","B04","Result_96_2020-01-13_mitacs_control",3.68289428856948,0.000158205980095825,10320.2043755675,"H2O","case","WLP.644"
"452","S3L1","D06","Result_96_2020-01-13_mitacs_control",3.45578384162215,0.000153719895474299,11833.8827020632,"H2O","case","WLP.644"
"453","S3L1","E08","Result_96_2020-01-13_mitacs_control",3.5385031896285,0.000152890320734325,10413.3873909233,"DMSO","case","WLP.644"
"454","S3L1","A09","Result_96_2020-01-13_mitacs_control",3.84497440369725,0.000136686715910744,13477.7417489281,"H2O","case","WLP.644"
"455","S3L1","C04","Result_96_2020-01-13_mitacs_control",3.44457748442017,0.000138239112553683,12180.7844327404,"H2O","case","WLP.644"
"456","S3L1","F12","Result_96_2020-01-13_mitacs_control",3.97226104942552,0.000161473913846735,14312.2536099211,"H2O","case","WLP.644"
"457","S3L1","F05","Result_96_2020-01-13_mitacs_control",3.87310228215224,0.000157394689926338,10236.9600958852,"H2O","case","WLP.644"
"458","S3L1","F06","Result_96_2020-01-13_mitacs_control",3.99246632731459,0.000246962431205918,17111.4325649801,"H2O","case","WLP.644"
"459","S3L1","H08","Result_96_2020-01-13_mitacs_control",3.82017896241519,0.000141747910410098,10622.105236416,"DMSO","case","WLP.644"
"460","S3L1","D10","Result_96_2020-01-13_mitacs_control",3.32012359804061,0.00013805405497509,13085.3504480014,"H2O","case","WLP.644"
"461","S3L1","D01","Result_96_2020-01-13_mitacs_control",3.42812749871929,0.000157360016052891,11203.32610452,"DMSO","case","WLP.644"
"462","S3L1","A04","Result_96_2020-01-13_mitacs_control",3.38747128103391,0.000240226843131318,7875.51341303612,"H2O","case","WLP.644"
"463","S3L1","F08","Result_96_2020-01-13_mitacs_control",3.75183094373013,0.000150648434189993,10442.6653558419,"DMSO","case","WLP.644"
"464","S3L1","H01","Result_96_2020-01-13_mitacs_control",3.69408422310127,0.000134510930912327,10234.9516182119,"DMSO","case","WLP.644"
"465","S3L1","G09","Result_96_2020-01-13_mitacs_control",3.89616418901546,0.000155347466269693,10878.5535533871,"H2O","case","WLP.644"
"466","S3L1","D05","Result_96_2020-01-13_mitacs_control",3.53149129227312,0.000171312723519127,12515.5639003797,"H2O","case","WLP.644"
"467","S3L1","E07","Result_96_2020-01-13_mitacs_control",3.60650803100242,0.000164817173564701,10829.6796313578,"ETOH","case","WLP.644"
"468","S3L1","H09","Result_96_2020-01-13_mitacs_control",3.84130225398094,0.000159623115987899,11614.6682554905,"H2O","case","WLP.644"
"469","S3L1","F10","Result_96_2020-01-13_mitacs_control",3.7987417917529,0.000152845417019109,10626.8728623272,"H2O","case","WLP.644"
"470","S3L1","H10","Result_96_2020-01-13_mitacs_control",3.74416109557041,0.000150925229722134,11188.2294028214,"DMSO","case","WLP.644"
"471","S3L1","H06","Result_96_2020-01-13_mitacs_control",3.8864264930488,0.00015983373219326,11344.2318645181,"H2O","case","WLP.644"
"472","S3L1","D11","Result_96_2020-01-13_mitacs_control",3.48260078309148,0.000141290858339289,13428.8382627005,"H2O","case","WLP.644"
"473","S3L1","D04","Result_96_2020-01-13_mitacs_control",3.53782852513006,0.000148400067797045,11036.4124216578,"H2O","case","WLP.644"
"474","S3L1","H02","Result_96_2020-01-13_mitacs_control",3.68156012429737,0.000141301405158587,10600.9826010247,"DMSO","case","WLP.644"
"475","S3L1","G02","Result_96_2020-01-13_mitacs_control",3.58157191152038,0.000140214182313227,11348.7116771603,"H2O","case","WLP.644"
"476","S3L1","F01","Result_96_2020-01-13_mitacs_control",3.91094881218287,0.000152789170878674,10086.6727910928,"DMSO","case","WLP.644"
"477","S3L1","C05","Result_96_2020-01-13_mitacs_control",3.4704727060028,0.000139679894608715,11579.7235246029,"H2O","case","WLP.644"
"478","S3L1","A07","Result_96_2020-01-13_mitacs_control",3.34739384165858,0.000158600317654893,10621.4281542546,"H2O","H2O","WLP.644"
"479","S3L1","A02","Result_96_2020-01-13_mitacs_control",3.44109979586504,0.00015973180482434,11285.1938162793,"H2O","case","WLP.644"
"480","S3L1","E06","Result_96_2020-01-13_mitacs_control",3.54548117199107,0.000139478182103282,11691.0190856611,"H2O","case","WLP.644"
"481","S3L2","E01","Result_96_2020-01-13_mitacs_control",3.78135971352466,0.00014583374314097,6345.77777752327,"ETOH","case","W.34.70"
"482","S3L2","B01","Result_96_2020-01-13_mitacs_control",3.0759488532333,8.78683517159143e-05,23078.2434849813,"DMSO","DMSO","W.34.70"
"483","S3L2","D06","Result_96_2020-01-13_mitacs_control",3.73159424071163,9.09905785270032e-05,18776.8883975558,"H2O","case","W.34.70"
"484","S3L2","E12","Result_96_2020-01-13_mitacs_control",3.02236781302845,0.000240815843692674,7241.03993773445,"H2O","case","W.34.70"
"485","S3L2","D02","Result_96_2020-01-13_mitacs_control",3.63652250814378,7.83956521830214e-05,17674.3811243661,"DMSO","case","W.34.70"
"486","S3L2","A04","Result_96_2020-01-13_mitacs_control",3.93638910552263,9.95534725463613e-05,11375.6647420731,"H2O","case","W.34.70"
"487","S3L2","C06","Result_96_2020-01-13_mitacs_control",3.68233033758936,8.93401885529795e-05,16786.1489508019,"H2O","case","W.34.70"
"488","S3L2","C11","Result_96_2020-01-13_mitacs_control",3.92391760716917,0.000106252179270496,14773.6522321256,"H2O","case","W.34.70"
"489","S3L2","G06","Result_96_2020-01-13_mitacs_control",4.01792190799726,0.000329670780482755,7281.15183296278,"H2O","case","W.34.70"
"490","S3L2","D11","Result_96_2020-01-13_mitacs_control",3.97727992349992,0.000120139605333765,14761.7616912858,"H2O","case","W.34.70"
"491","S3L2","G10","Result_96_2020-01-13_mitacs_control",3.96962635095648,0.000323923707952734,7920.16033601251,"H2O","case","W.34.70"
"492","S3L2","G05","Result_96_2020-01-13_mitacs_control",3.67957393027787,8.73823444334691e-05,19947.9075383746,"DMSO","case","W.34.70"
"493","S3L2","G08","Result_96_2020-01-13_mitacs_control",4.02461775562243,0.000398497609462309,8581.01057036654,"H2O","case","W.34.70"
"494","S3L2","A01","Result_96_2020-01-13_mitacs_control",3.1926450779424,0.000249311233633166,4837.68574774347,"H2O","H2O","W.34.70"
"495","S3L2","A03","Result_96_2020-01-13_mitacs_control",3.87400723379473,8.71625860864973e-05,11639.3427788272,"H2O","case","W.34.70"
"496","S3L2","C09","Result_96_2020-01-13_mitacs_control",3.86002399057054,9.43050626237494e-05,16817.873456016,"H2O","case","W.34.70"
"497","S3L2","C02","Result_96_2020-01-13_mitacs_control",3.58660847356472,8.38826653437562e-05,15756.1812669538,"H2O","case","W.34.70"
"498","S3L2","E09","Result_96_2020-01-13_mitacs_control",3.92111719717648,9.75793250430139e-05,14042.8994126544,"H2O","case","W.34.70"
"499","S3L2","B12","Result_96_2020-01-13_mitacs_control",2.98510112362066,0.00024500075820795,5214.20698131122,"H2O","case","W.34.70"
"500","S3L2","F01","Result_96_2020-01-13_mitacs_control",3.43857301373963,7.73322475319135e-05,20904.1288404096,"DMSO","case","W.34.70"
"501","S3L2","D03","Result_96_2020-01-13_mitacs_control",3.79585928321977,7.41637723540424e-05,18884.0156216537,"ETOH","case","W.34.70"
"502","S3L2","B10","Result_96_2020-01-13_mitacs_control",3.95677947140088,9.82886111426176e-05,15266.7466413832,"H2O","case","W.34.70"
"503","S3L2","F04","Result_96_2020-01-13_mitacs_control",3.90282093129947,0.000245893299273049,6598.53256206741,"H2O","case","W.34.70"
"504","S3L2","D01","Result_96_2020-01-13_mitacs_control",3.19568809750739,7.85272596492286e-05,18616.1372263116,"DMSO","case","W.34.70"
"505","S3L2","H01","Result_96_2020-01-13_mitacs_control",2.96193195916648,8.27360362453198e-05,24838.9717813015,"DMSO","case","W.34.70"
"506","S3L2","E10","Result_96_2020-01-13_mitacs_control",3.97982548174334,0.000120401895132186,15245.5857472552,"H2O","case","W.34.70"
"507","S3L2","A05","Result_96_2020-01-13_mitacs_control",3.04172586908861,8.76863414882178e-05,17555.9985795846,"H2O","case","W.34.70"
"508","S3L2","B04","Result_96_2020-01-13_mitacs_control",3.79715915495172,9.41390517192308e-05,17325.2460110297,"H2O","case","W.34.70"
"509","S3L2","C12","Result_96_2020-01-13_mitacs_control",3.84966572691557,0.000256280763333925,5400.22575188857,"H2O","case","W.34.70"
"510","S3L2","B11","Result_96_2020-01-13_mitacs_control",3.56926381436317,8.75837071972253e-05,20899.0113700897,"DMSO","case","W.34.70"
"511","S3L2","E11","Result_96_2020-01-13_mitacs_control",4.04624017852383,0.000127754933034386,14345.8079953406,"H2O","case","W.34.70"
"512","S3L2","B09","Result_96_2020-01-13_mitacs_control",3.62760683812965,8.90093596449197e-05,21136.3534132017,"DMSO","case","W.34.70"
"513","S3L2","G07","Result_96_2020-01-13_mitacs_control",3.95651561944152,0.00015709414225118,8341.12399306272,"ETOH","case","W.34.70"
"514","S3L2","A08","Result_96_2020-01-13_mitacs_control",3.72558536631527,9.4532245939601e-05,15607.7198675552,"H2O","case","W.34.70"
"515","S3L2","D08","Result_96_2020-01-13_mitacs_control",3.63259136367891,8.20332300971751e-05,21036.1583536883,"DMSO","case","W.34.70"
"516","S3L2","G01","Result_96_2020-01-13_mitacs_control",3.74559589930965,0.000211973908348557,10049.4632776102,"ETOH","case","W.34.70"
"517","S3L2","D10","Result_96_2020-01-13_mitacs_control",3.98467920071624,0.000108555379297235,15046.1209485118,"H2O","case","W.34.70"
"518","S3L2","A06","Result_96_2020-01-13_mitacs_control",3.06860157508001,8.76506040504107e-05,17357.492841473,"H2O","case","W.34.70"
"519","S3L2","B08","Result_96_2020-01-13_mitacs_control",3.82516619817406,9.44221596699661e-05,17516.9455542486,"H2O","case","W.34.70"
"520","S3L2","D04","Result_96_2020-01-13_mitacs_control",3.73306113971029,9.22614935765967e-05,17048.2578975671,"H2O","case","W.34.70"
"521","S3L2","C01","Result_96_2020-01-13_mitacs_control",3.24603783579971,0.000101250118284534,3972.48290655365,"ETOH","ETOH","W.34.70"
"522","S3L2","A11","Result_96_2020-01-13_mitacs_control",2.93775155931328,0.000218728167397279,5218.90568511045,"H2O","case","W.34.70"
"523","S3L2","G11","Result_96_2020-01-13_mitacs_control",3.78065059822855,0.000102208380523819,16990.9831324683,"DMSO","case","W.34.70"
"524","S3L2","H04","Result_96_2020-01-13_mitacs_control",3.26599464878541,8.54008056681476e-05,24684.3160456126,"DMSO","case","W.34.70"
"525","S3L2","C03","Result_96_2020-01-13_mitacs_control",3.66902676550963,8.82557183015393e-05,16714.0623229295,"H2O","case","W.34.70"
"526","S3L2","G09","Result_96_2020-01-13_mitacs_control",3.96372747282809,0.000114440515908063,14232.7006010543,"H2O","case","W.34.70"
"527","S3L2","B05","Result_96_2020-01-13_mitacs_control",3.58976881451066,8.69213275808464e-05,21242.4999420234,"DMSO","case","W.34.70"
"528","S3L2","H02","Result_96_2020-01-13_mitacs_control",2.98724399257555,8.05630080496801e-05,23700.7660811402,"DMSO","case","W.34.70"
"529","S3L2","F02","Result_96_2020-01-13_mitacs_control",3.7279204545632,8.47947107450679e-05,20314.4633822716,"DMSO","case","W.34.70"
"530","S3L2","H05","Result_96_2020-01-13_mitacs_control",3.64879411259039,8.77364788252004e-05,18739.2742335692,"H2O","case","W.34.70"
"531","S3L2","C04","Result_96_2020-01-13_mitacs_control",3.71684262915216,9.17759265818365e-05,17171.3329211503,"H2O","case","W.34.70"
"532","S3L2","A09","Result_96_2020-01-13_mitacs_control",3.00493229554223,0.000148107685761994,4916.79975744038,"H2O","case","W.34.70"
"533","S3L2","C05","Result_96_2020-01-13_mitacs_control",3.68706068833989,8.87590825027952e-05,16674.1780460947,"H2O","case","W.34.70"
"534","S3L2","F03","Result_96_2020-01-13_mitacs_control",3.67126234711538,7.97049805336129e-05,18791.7921178492,"DMSO","case","W.34.70"
"535","S3L2","A02","Result_96_2020-01-13_mitacs_control",3.6875151520516,0.000268528340870184,5156.84238363169,"H2O","case","W.34.70"
"536","S3L2","B06","Result_96_2020-01-13_mitacs_control",3.66883505797618,8.6723756397222e-05,16133.2019657607,"H2O","case","W.34.70"
"537","S3L2","E02","Result_96_2020-01-13_mitacs_control",3.63603668531543,7.90385725730929e-05,19281.0141486568,"DMSO","case","W.34.70"
"538","S3L2","D07","Result_96_2020-01-13_mitacs_control",3.62293035092018,8.56847642713682e-05,19184.2588987109,"DMSO","case","W.34.70"
"539","S3L2","G12","Result_96_2020-01-13_mitacs_control",3.98260294976546,0.000265303422314277,6283.18512308119,"H2O","case","W.34.70"
"540","S3L2","D12","Result_96_2020-01-13_mitacs_control",3.50955509806313,0.000234835920094957,5104.73341628469,"H2O","case","W.34.70"
"541","S3L2","D05","Result_96_2020-01-13_mitacs_control",3.80448958836321,9.19616016666151e-05,15987.4145216933,"H2O","case","W.34.70"
"542","S3L2","F11","Result_96_2020-01-13_mitacs_control",4.00380491220343,0.000290412630525714,7038.49306740823,"H2O","case","W.34.70"
"543","S3L2","A10","Result_96_2020-01-13_mitacs_control",3.04064198449735,0.0002095661270499,5009.60526268786,"H2O","case","W.34.70"
"544","S3L2","C07","Result_96_2020-01-13_mitacs_control",3.80444919088219,0.000117581695461636,5338.86228741432,"ETOH","ETOH","W.34.70"
"545","S3L2","H07","Result_96_2020-01-13_mitacs_control",3.78541793009901,9.35044253970747e-05,15837.1822453648,"DMSO","case","W.34.70"
"546","S3L2","E03","Result_96_2020-01-13_mitacs_control",3.79316901581429,9.20619278247406e-05,16965.4726633994,"H2O","case","W.34.70"
"547","S3L2","D09","Result_96_2020-01-13_mitacs_control",3.92497295459198,0.000255466015400515,10723.1295207541,"ETOH","case","W.34.70"
"548","S3L2","F12","Result_96_2020-01-13_mitacs_control",3.95865202329826,0.00026763212893546,6001.08136908033,"H2O","case","W.34.70"
"549","S3L2","E08","Result_96_2020-01-13_mitacs_control",3.67399604984672,8.39566013596363e-05,19447.5122457943,"DMSO","case","W.34.70"
"550","S3L2","C08","Result_96_2020-01-13_mitacs_control",3.74744707803453,9.27221993758838e-05,18101.0684399122,"H2O","case","W.34.70"
"551","S3L2","H08","Result_96_2020-01-13_mitacs_control",3.69408422310127,8.74741788056012e-05,21063.0750913957,"DMSO","case","W.34.70"
"552","S3L2","B07","Result_96_2020-01-13_mitacs_control",3.49790576645193,7.91936130731551e-05,19140.7917410014,"DMSO","DMSO","W.34.70"
"553","S3L2","E04","Result_96_2020-01-13_mitacs_control",3.81720270801395,9.54730157794265e-05,16046.5287649795,"H2O","case","W.34.70"
"554","S3L2","F10","Result_96_2020-01-13_mitacs_control",3.98135223877175,0.000258598806132782,6659.73931783553,"H2O","case","W.34.70"
"555","S3L2","A12","Result_96_2020-01-13_mitacs_control",3.84634905367347,0.000237472240864599,5296.03342374918,"H2O","case","W.34.70"
"556","S3L2","F06","Result_96_2020-01-13_mitacs_control",3.96347412397489,0.000411993920890136,7942.69381954391,"H2O","case","W.34.70"
"557","S3L2","H09","Result_96_2020-01-13_mitacs_control",3.68960978494034,0.000103589332674391,23588.8038155793,"H2O","case","W.34.70"
"558","S3L2","E05","Result_96_2020-01-13_mitacs_control",3.83531500339849,9.77152696629392e-05,17903.1320121786,"H2O","case","W.34.70"
"559","S3L2","H03","Result_96_2020-01-13_mitacs_control",3.02046410255972,0.000137376725806605,8485.6876591629,"H2O","case","W.34.70"
"560","S3L2","G02","Result_96_2020-01-13_mitacs_control",3.83569954775157,9.48676174567666e-05,18667.7328109982,"H2O","case","W.34.70"
"561","S3L2","A07","Result_96_2020-01-13_mitacs_control",3.03952836418664,8.85198014658965e-05,17869.9433795009,"H2O","H2O","W.34.70"
"562","S3L2","F05","Result_96_2020-01-13_mitacs_control",3.92305541503953,0.000324218107003312,6789.24112734094,"H2O","case","W.34.70"
"563","S3L2","F07","Result_96_2020-01-13_mitacs_control",3.68706068833989,9.44649152346013e-05,19448.5638111028,"DMSO","case","W.34.70"
"564","S3L2","H10","Result_96_2020-01-13_mitacs_control",3.6218538781731,8.23273213247919e-05,22785.8214566488,"DMSO","case","W.34.70"
"565","S3L2","C10","Result_96_2020-01-13_mitacs_control",3.96578428466209,0.000100837687212594,16233.1030459297,"H2O","case","W.34.70"
"566","S3L2","E06","Result_96_2020-01-13_mitacs_control",3.82976616947786,9.54795852783812e-05,17150.1671133017,"H2O","case","W.34.70"
"567","S3L2","G03","Result_96_2020-01-13_mitacs_control",3.83751689256786,0.000333487885496155,8073.42019372466,"H2O","case","W.34.70"
"568","S3L2","B02","Result_96_2020-01-13_mitacs_control",3.66296501272243,8.51885505103061e-05,15454.8060420409,"H2O","case","W.34.70"
"569","S3L2","F08","Result_96_2020-01-13_mitacs_control",3.70347697198055,8.76753153124924e-05,18069.0708852094,"DMSO","case","W.34.70"
"570","S3L2","H11","Result_96_2020-01-13_mitacs_control",4.01056924171019,0.000218555313825458,8261.49800205598,"H2O","case","W.34.70"
"571","S3L2","E07","Result_96_2020-01-13_mitacs_control",3.91078451171301,0.000251152011486779,10398.1817983952,"ETOH","case","W.34.70"
"572","S3L2","F09","Result_96_2020-01-13_mitacs_control",3.68757756720404,9.31203762244754e-05,18155.8444980983,"DMSO","case","W.34.70"
"573","S3L2","G04","Result_96_2020-01-13_mitacs_control",3.86732351122862,0.000282445909426217,8313.79010013247,"H2O","case","W.34.70"
"574","S3L2","B03","Result_96_2020-01-13_mitacs_control",3.59970908609034,8.12005305767366e-05,19994.2425919082,"DMSO","case","W.34.70"
"575","S3L2","H06","Result_96_2020-01-13_mitacs_control",3.93176526424755,0.000111055674547378,14686.6752797135,"H2O","case","W.34.70"
"576","S3L2","H12","Result_96_2020-01-13_mitacs_control",3.98965805577854,0.000287197924833839,6604.11940178978,"H2O","case","W.34.70"
